ClaimID,PolicyID,CoverageType,Peril,ClaimDate,ClaimAmount,ApprovedAmount,FraudScore,ClaimStatus,ForcedEntryFlag,ProofOfOwnershipFlag,CoverageType_Policy,DriverType,DriverAge,LicenseValid,UsageType,PremiumAmount,FraudRiskScore,IncidentDriverAge,IncidentDriverLicenseYears,IncidentDriverListedFlag,DriverEligibilityFlag,AdditionalExcessFlag,AdditionalExcessAmount,DriverEligibilityReason,PayoutRatio
1,104,Contents,Water Damage,3/2/2024,107616,107616,32,Approved,N,Y,Contents,,,,,1917.59,75,,,,,,,,1
2,448,Motor,Glass Damage,2/4/2024,112615,112615,59,Approved,Y,N,Contents,,,,,885.06,64,50,30,Y,Y,N,0,Driver meets policy requirements,1
3,1909,Contents,Fire,10/7/2025,113274,113274,49,Approved,Y,N,Contents,,,,,943.59,5,,,,,,,,1
4,1106,Building,Fire,5/12/2025,54492,54492,35,Approved,N,N,Motor,Open Driver,35,N,Business,1412.12,46,,,,,,,,1
5,86,Contents,Burglary,11/9/2025,76142,76142,38,Approved,Y,Y,Contents,,,,,988.16,51,,,,,,,,1
6,897,All Risk,Theft,8/2/2023,65814,65814,45,Approved,Y,Y,Building,,,,,915.59,17,,,,,,,,1
7,345,Motor,Theft & Hijacking,8/22/2023,101660,93211,94,Repudiated,Y,Y,Contents,,,,,2232.13,86,57,21,Y,Y,N,0,Driver meets policy requirements,0.9169
8,1058,Motor,Weather,7/16/2025,124964,0,77,Repudiated,Y,Y,Motor,Named Driver,29,N,Business,2097.17,87,30,1,Y,N,N,0,Invalid driver licence,0
9,1199,Building,Water Damage,3/3/2024,125793,4374,68,Pending,Y,Y,All Risk,,,,,486.3,46,,,,,,,,0.0348
10,471,Building,Flood,8/9/2025,20060,20060,25,Approved,Y,N,All Risk,,,,,746.32,71,,,,,,,,1
11,546,Building,Malicious Damage,5/19/2025,53468,53468,16,Approved,Y,N,Building,,,,,1358.61,86,,,,,,,,1
12,1473,Building,Water Damage,9/12/2023,43194,43194,13,Approved,Y,Y,Motor,Open Driver,20,N,Private,2093.24,55,,,,,,,,1
13,201,Building,Water Damage,6/15/2024,116636,116636,47,Approved,Y,Y,Motor,Named Driver,63,Y,Private,1373.1,14,,,,,,,,1
14,1194,Contents,Burglary,10/21/2024,84184,84184,36,Approved,Y,N,Motor,Open Driver,30,Y,Business,2370.68,57,,,,,,,,1
15,1877,Motor,Accidental Damage,3/3/2023,23249,23249,23,Approved,Y,Y,Contents,,,,,1018.76,77,33,12,Y,Y,N,0,Driver meets policy requirements,1
16,1144,Motor,Weather,5/8/2023,130411,34459,80,Pending,Y,Y,Building,,,,,823.07,38,60,36,Y,Y,N,0,Driver meets policy requirements,0.2642
17,778,Contents,Burglary,12/11/2024,53938,45200,82,Repudiated,Y,N,Contents,,,,,895.99,43,,,,,,,,0.838
18,1280,Building,Storm,11/29/2024,24275,24275,33,Approved,Y,Y,Building,,,,,1634.83,81,,,,,,,,1
19,1889,Building,Flood,9/29/2025,87152,87152,23,Approved,N,Y,All Risk,,,,,563.94,60,,,,,,,,1
20,862,Contents,Accidental Damage,5/17/2024,19033,19033,31,Approved,Y,N,Contents,,,,,830.98,77,,,,,,,,1
21,502,Building,Storm,11/26/2025,115619,115619,60,Approved,Y,N,Contents,,,,,443.83,46,,,,,,,,1
22,1950,Building,Water Damage,7/26/2024,41472,13988,76,Pending,Y,N,All Risk,,,,,2266.65,50,,,,,,,,0.3373
23,329,Motor,Accidental Damage,4/22/2024,86291,86291,21,Approved,N,N,Building,,,,,1354.26,38,63,1,Y,Y,N,0,Driver meets policy requirements,1
24,326,All Risk,Theft,10/4/2023,26320,26320,35,Approved,N,Y,Motor,Named Driver,43,N,Private,1822.61,57,,,,,,,,1
25,1732,Contents,Water Damage,11/20/2025,44981,44981,35,Approved,Y,Y,Motor,Open Driver,34,Y,Business,551.4,53,,,,,,,,1
26,1782,Building,Water Damage,2/8/2023,52497,52497,31,Approved,Y,Y,Motor,Named Driver,53,Y,Private,2348.58,17,,,,,,,,1
27,1124,Building,Storm,12/17/2024,92143,47532,83,Repudiated,Y,N,Motor,Named Driver,61,N,Private,925.92,18,,,,,,,,0.5159
28,988,Building,Flood,8/9/2024,16691,16691,59,Approved,N,Y,Contents,,,,,2176.76,94,,,,,,,,1
29,627,Contents,Burglary,8/23/2023,84952,53463,62,Pending,Y,Y,All Risk,,,,,1789.42,15,,,,,,,,0.6293
30,196,Motor,Theft & Hijacking,12/14/2025,105330,105330,17,Approved,Y,N,All Risk,,,,,1325.53,26,30,1,Y,Y,N,0,Driver meets policy requirements,1
31,1234,Motor,Accidental Damage,9/13/2025,118074,115574,10,Approved with Additional Excess,Y,Y,Motor,Named Driver,25,Y,Private,335.5,85,22,0,Y,Y,Y,2500,Eligible claim with additional excess: driver under 25 and licence held less than 2 years,0.9788
32,624,Building,Malicious Damage,10/26/2024,62860,18863,79,Repudiated,Y,Y,Contents,,,,,931.33,17,,,,,,,,0.3001
33,1837,Contents,Water Damage,4/12/2025,65349,45123,71,Pending,N,N,Motor,Named Driver,60,Y,Private,289.23,78,,,,,,,,0.6905
34,1902,Building,Storm,1/29/2024,107317,8878,86,Repudiated,N,N,Building,,,,,826.3,5,,,,,,,,0.0827
35,1476,Contents,Fire,4/17/2023,91834,91834,31,Approved,N,Y,Building,,,,,2494.99,37,,,,,,,,1
36,1775,Contents,Fire,11/25/2024,85823,85823,36,Approved,N,Y,Motor,Named Driver,29,Y,Private,827.36,34,,,,,,,,1
37,1379,Motor,Fire & Explosion,9/8/2025,54656,54656,25,Approved,Y,Y,Contents,,,,,1647.74,28,25,6,Y,Y,N,0,Driver meets policy requirements,1
38,1756,Building,Water Damage,12/18/2025,106872,41751,89,Repudiated,N,Y,Motor,Named Driver,41,Y,Business,1723.68,27,,,,,,,,0.3907
39,1005,Contents,Water Damage,3/30/2025,144085,13419,69,Pending,N,Y,All Risk,,,,,1086.82,10,,,,,,,,0.0931
40,1474,Motor,Accidental Damage,6/26/2025,110973,110973,10,Approved,N,N,Contents,,,,,538.21,70,21,3,Y,Y,N,0,Driver meets policy requirements,1
41,115,All Risk,Travel Risk,3/30/2025,68146,16801,71,Repudiated,N,N,Motor,Open Driver,73,N,Private,1883.3,58,,,,,,,,0.2465
42,1011,Contents,Burglary,9/28/2025,32859,32859,14,Approved,Y,N,Building,,,,,1561.43,7,,,,,,,,1
43,739,All Risk,Accidental Loss,7/18/2024,53226,30060,85,Repudiated,N,N,Contents,,,,,500.41,25,,,,,,,,0.5648
44,1365,Motor,Theft & Hijacking,9/3/2024,50475,50475,59,Approved,N,Y,All Risk,,,,,1607.33,35,30,0,Y,Y,N,0,Driver meets policy requirements,1
45,1276,Building,Fire,6/21/2023,17412,17412,54,Approved,N,Y,Motor,Open Driver,51,N,Business,956.5,27,,,,,,,,1
46,1637,Contents,Accidental Damage,5/29/2023,14551,12554,70,Pending,N,N,All Risk,,,,,520.76,70,,,,,,,,0.8628
47,279,Motor,Accidental Damage,10/16/2024,90263,20708,74,Repudiated,N,N,Contents,,,,,1473.72,67,43,5,Y,Y,N,0,Driver meets policy requirements,0.2294
48,1530,Contents,Malicious Damage,9/24/2023,97343,97343,17,Approved,Y,Y,Building,,,,,813.26,59,,,,,,,,1
49,1286,Contents,Malicious Damage,12/22/2023,76634,60907,92,Repudiated,Y,Y,All Risk,,,,,454.87,84,,,,,,,,0.7948
50,863,Contents,Accidental Damage,1/30/2023,39807,39807,16,Approved,Y,Y,Building,,,,,1265.38,43,,,,,,,,1
51,1166,All Risk,Fire,8/6/2024,110382,110382,45,Approved,N,Y,Contents,,,,,251.61,95,,,,,,,,1
52,601,Contents,Fire,4/5/2023,15695,4579,93,Repudiated,N,N,Contents,,,,,777.21,67,,,,,,,,0.2917
53,131,Motor,Fire & Explosion,4/19/2024,86944,53011,89,Repudiated,N,N,Contents,,,,,2079.22,85,40,17,Y,Y,N,0,Driver meets policy requirements,0.6097
54,845,Contents,Fire,1/31/2024,128201,94701,89,Repudiated,N,Y,Contents,,,,,478.64,46,,,,,,,,0.7387
55,653,Building,Water Damage,6/21/2025,29907,12361,73,Pending,Y,Y,Contents,,,,,1132.28,55,,,,,,,,0.4133
56,1738,Building,Water Damage,7/30/2023,143062,143062,10,Approved,Y,Y,Building,,,,,1291.44,41,,,,,,,,1
57,459,All Risk,Fire,2/21/2023,18912,18912,22,Approved,N,N,Building,,,,,2059.46,60,,,,,,,,1
58,1750,Contents,Burglary,10/22/2023,26501,26501,40,Approved,Y,N,Motor,Open Driver,50,N,Private,779.3,59,,,,,,,,1
59,1458,Building,Flood,12/18/2025,102257,102257,18,Approved,Y,N,Contents,,,,,2158.61,25,,,,,,,,1
60,59,Motor,Fire & Explosion,6/29/2024,101091,101091,37,Approved,Y,Y,Building,,,,,1381,63,45,18,Y,Y,N,0,Driver meets policy requirements,1
61,851,Contents,Malicious Damage,6/12/2024,139827,139827,16,Approved,Y,Y,All Risk,,,,,429.38,70,,,,,,,,1
62,1059,Contents,Accidental Damage,12/31/2023,12023,12023,32,Approved,N,N,Contents,,,,,2178.13,60,,,,,,,,1
63,9,Contents,Burglary,9/11/2025,105398,94964,64,Pending,Y,Y,Contents,,,,,2162.93,75,,,,,,,,0.901
64,99,All Risk,Fire,3/13/2024,145604,112280,71,Repudiated,N,N,Building,,,,,2475.48,27,,,,,,,,0.7711
65,1862,All Risk,Accidental Loss,3/2/2025,13365,13365,44,Approved,N,Y,Motor,Named Driver,51,N,Business,1580.8,34,,,,,,,,1
66,664,All Risk,Accidental Loss,10/24/2024,60986,38629,94,Repudiated,Y,N,Contents,,,,,2256.93,28,,,,,,,,0.6334
67,281,Motor,Fire & Explosion,6/10/2024,5691,5691,35,Approved,Y,N,Contents,,,,,1207.82,31,28,1,Y,Y,N,0,Driver meets policy requirements,1
68,1579,Contents,Malicious Damage,11/11/2024,121301,121301,42,Approved,Y,N,Motor,Named Driver,32,Y,Business,2344.68,25,,,,,,,,1
69,1848,Building,Flood,7/1/2025,119196,119196,36,Approved,Y,N,Contents,,,,,1167.48,30,,,,,,,,1
70,504,Motor,Fire & Explosion,6/14/2023,123877,58911,78,Pending,N,N,Contents,,,,,371.93,85,53,22,Y,Y,N,0,Driver meets policy requirements,0.4756
71,1762,Contents,Malicious Damage,3/28/2023,77972,77972,38,Approved,N,Y,Building,,,,,2489.52,60,,,,,,,,1
72,1561,All Risk,Theft,2/25/2023,86140,75240,78,Pending,Y,Y,All Risk,,,,,1997.61,83,,,,,,,,0.8735
73,1217,Building,Fire,9/29/2024,144868,144868,55,Approved,Y,Y,All Risk,,,,,1415.11,16,,,,,,,,1
74,848,Contents,Fire,6/21/2023,141148,141148,32,Approved,N,Y,All Risk,,,,,350.52,57,,,,,,,,1
75,651,Contents,Water Damage,11/29/2023,60614,45487,65,Pending,Y,N,Contents,,,,,1537.17,53,,,,,,,,0.7504
76,1668,Building,Fire,2/10/2025,133310,133310,46,Approved,Y,N,Motor,Open Driver,35,N,Private,1778.93,19,,,,,,,,1
77,879,Building,Storm,1/28/2025,92307,92307,45,Approved,Y,Y,Contents,,,,,1568.17,33,,,,,,,,1
78,735,Contents,Water Damage,3/12/2024,8699,8699,38,Approved,Y,N,Building,,,,,2387.16,7,,,,,,,,1
79,700,All Risk,Accidental Loss,12/15/2024,142085,77215,81,Repudiated,N,Y,Contents,,,,,1821.03,87,,,,,,,,0.5434
80,1097,Motor,Glass Damage,6/27/2025,87228,0,73,Repudiated,Y,Y,Motor,Open Driver,30,N,Business,1051.22,91,25,1,Y,N,N,0,Invalid driver licence,0
81,885,All Risk,Fire,10/31/2023,33302,19928,89,Repudiated,Y,Y,Contents,,,,,1265.17,17,,,,,,,,0.5984
82,816,Building,Malicious Damage,6/19/2023,64055,36674,78,Repudiated,N,N,Motor,Open Driver,54,Y,Business,1725.7,61,,,,,,,,0.5725
83,997,Contents,Accidental Damage,8/2/2023,148294,99532,66,Pending,Y,N,Contents,,,,,798.59,47,,,,,,,,0.6712
84,1485,Building,Water Damage,11/19/2025,70386,70386,26,Approved,N,Y,Contents,,,,,1024.65,7,,,,,,,,1
85,765,Building,Flood,3/25/2024,117821,117821,20,Approved,Y,Y,All Risk,,,,,751.9,71,,,,,,,,1
86,1794,Contents,Malicious Damage,1/1/2025,139258,41289,82,Repudiated,N,Y,Motor,Named Driver,65,N,Private,2179.63,46,,,,,,,,0.2965
87,167,Motor,Glass Damage,7/24/2024,25210,2259,61,Pending,Y,N,All Risk,,,,,1722.88,81,24,3,Y,Y,N,0,Driver meets policy requirements,0.0896
88,456,Motor,Glass Damage,7/4/2025,147740,112132,69,Repudiated,Y,Y,Motor,Named Driver,28,Y,Business,378.27,87,23,2,Y,Y,N,0,Driver meets policy requirements,0.759
89,615,Motor,Theft & Hijacking,8/23/2024,137810,137810,49,Approved,Y,Y,Building,,,,,1410.61,7,49,26,Y,Y,N,0,Driver meets policy requirements,1
90,2000,Building,Malicious Damage,12/12/2024,44673,44673,40,Approved,Y,Y,All Risk,,,,,1513,42,,,,,,,,1
91,298,All Risk,Accidental Loss,6/11/2025,40995,40995,27,Approved,Y,Y,Building,,,,,353.37,38,,,,,,,,1
92,1337,All Risk,Fire,5/20/2025,43962,40740,66,Repudiated,N,N,Building,,,,,395.37,14,,,,,,,,0.9267
93,1401,Building,Fire,4/1/2025,7931,4958,78,Pending,Y,Y,All Risk,,,,,883.12,25,,,,,,,,0.6251
94,1570,Contents,Water Damage,11/17/2024,95129,95129,24,Approved,Y,Y,Contents,,,,,2132.19,53,,,,,,,,1
95,1527,Contents,Malicious Damage,5/21/2023,62869,61725,82,Repudiated,Y,Y,Building,,,,,1387.8,39,,,,,,,,0.9818
96,1008,Building,Fire,4/9/2024,147111,13355,89,Repudiated,N,Y,All Risk,,,,,2381.21,69,,,,,,,,0.0908
97,43,Building,Fire,7/24/2023,100505,58926,79,Pending,Y,N,Contents,,,,,564.81,39,,,,,,,,0.5863
98,1859,All Risk,Fire,10/22/2023,3645,755,78,Pending,N,Y,All Risk,,,,,1404.46,75,,,,,,,,0.2071
99,1620,Contents,Fire,6/10/2024,52325,52325,20,Approved,N,Y,Motor,Open Driver,18,N,Business,856.52,82,,,,,,,,1
100,422,Contents,Accidental Damage,7/28/2023,9508,1792,92,Repudiated,N,N,Building,,,,,848.14,21,,,,,,,,0.1885
101,477,All Risk,Travel Risk,12/11/2024,75181,75181,52,Approved,Y,Y,Contents,,,,,1681.4,84,,,,,,,,1
102,335,Motor,Theft & Hijacking,11/17/2025,124133,121796,92,Repudiated,N,Y,All Risk,,,,,809.85,41,40,0,Y,Y,N,0,Driver meets policy requirements,0.9812
103,1086,Contents,Fire,11/17/2024,98627,98627,28,Approved,N,Y,Contents,,,,,974.9,70,,,,,,,,1
104,796,All Risk,Travel Risk,6/25/2024,34930,34930,41,Approved,Y,N,Building,,,,,798.88,71,,,,,,,,1
105,816,Contents,Water Damage,8/16/2023,53584,5663,94,Repudiated,Y,N,Motor,Open Driver,54,Y,Business,1725.7,61,,,,,,,,0.1057
106,250,Motor,Weather,2/14/2024,26457,12428,71,Repudiated,N,Y,All Risk,,,,,614.73,61,20,2,Y,Y,N,0,Driver meets policy requirements,0.4697
107,1033,All Risk,Travel Risk,6/18/2025,39814,864,94,Repudiated,Y,Y,Motor,Open Driver,73,N,Business,1810.86,19,,,,,,,,0.0217
108,1656,Building,Storm,6/7/2025,106961,106961,47,Approved,Y,Y,Building,,,,,1605.58,77,,,,,,,,1
109,1307,Contents,Burglary,12/27/2025,120900,120900,41,Approved,Y,Y,Contents,,,,,403.58,62,,,,,,,,1
110,1143,Contents,Accidental Damage,9/14/2023,13672,13672,45,Approved,N,Y,Building,,,,,2452.1,48,,,,,,,,1
111,1514,All Risk,Travel Risk,2/18/2023,102764,102764,43,Approved,N,Y,All Risk,,,,,713.14,75,,,,,,,,1
112,1047,All Risk,Theft,8/19/2025,136024,15242,86,Repudiated,N,Y,Motor,Named Driver,61,Y,Private,507.02,40,,,,,,,,0.1121
113,688,Contents,Accidental Damage,5/4/2025,128338,128338,14,Approved,Y,N,All Risk,,,,,825.97,57,,,,,,,,1
114,408,All Risk,Fire,4/25/2024,112941,26613,69,Repudiated,Y,Y,All Risk,,,,,1195.17,83,,,,,,,,0.2356
115,1000,Building,Flood,5/11/2024,133313,31452,71,Repudiated,N,N,Contents,,,,,2032.04,87,,,,,,,,0.2359
116,1329,Motor,Weather,2/6/2024,70186,12609,63,Pending,Y,Y,Building,,,,,579.79,60,24,2,Y,Y,N,0,Driver meets policy requirements,0.1797
117,230,Contents,Water Damage,1/24/2024,132763,132763,45,Approved,Y,Y,Contents,,,,,967.32,40,,,,,,,,1
118,1667,Building,Water Damage,3/5/2024,27906,13961,81,Repudiated,Y,Y,Motor,Open Driver,26,Y,Private,1422.01,32,,,,,,,,0.5003
119,1277,Motor,Fire & Explosion,11/17/2024,98417,0,83,Repudiated,Y,N,Motor,Named Driver,45,N,Private,486.52,26,48,20,Y,N,N,0,Invalid driver licence,0
120,1851,Building,Fire,5/19/2023,16098,3080,86,Repudiated,N,N,Building,,,,,1340.82,19,,,,,,,,0.1913
121,1507,All Risk,Travel Risk,9/1/2024,113560,113560,37,Approved,Y,N,All Risk,,,,,835.54,9,,,,,,,,1
122,1654,Motor,Theft & Hijacking,9/25/2025,77236,31383,77,Repudiated,Y,N,All Risk,,,,,2155.81,21,26,6,Y,Y,N,0,Driver meets policy requirements,0.4063
123,1793,All Risk,Theft,12/9/2024,90902,90902,45,Approved,N,Y,Motor,Open Driver,61,N,Private,2324.53,88,,,,,,,,1
124,196,Motor,Weather,3/15/2023,14962,14962,50,Approved,Y,N,All Risk,,,,,1325.53,26,60,1,Y,Y,N,0,Driver meets policy requirements,1
125,1721,Motor,Weather,11/1/2024,37669,37669,47,Approved,N,N,Contents,,,,,2495.61,85,70,0,Y,Y,N,0,Driver meets policy requirements,1
126,735,Building,Fire,1/23/2023,132512,132512,15,Approved,Y,N,Building,,,,,2387.16,7,,,,,,,,1
127,1567,Contents,Burglary,2/22/2024,61099,61099,39,Approved,Y,Y,Contents,,,,,798.59,80,,,,,,,,1
128,1435,Building,Fire,9/3/2023,36248,36248,10,Approved,N,N,Contents,,,,,2313.56,26,,,,,,,,1
129,762,Building,Fire,8/30/2023,6984,6984,20,Approved,Y,Y,Motor,Named Driver,71,Y,Private,1961.95,7,,,,,,,,1
130,873,Contents,Malicious Damage,10/12/2023,97372,97372,46,Approved,N,N,Building,,,,,1697.34,58,,,,,,,,1
131,150,Building,Fire,8/25/2024,87200,87200,19,Approved,N,Y,Motor,Named Driver,55,Y,Private,1392.97,31,,,,,,,,1
132,504,Building,Flood,12/22/2024,91487,91487,54,Approved,N,N,Contents,,,,,371.93,85,,,,,,,,1
133,1280,Building,Storm,4/6/2025,29739,29739,28,Approved,Y,Y,Building,,,,,1634.83,81,,,,,,,,1
134,1098,Building,Storm,3/5/2025,136732,136732,57,Approved,Y,N,Building,,,,,251.35,65,,,,,,,,1
135,1767,Building,Water Damage,11/9/2025,91051,91051,36,Approved,Y,N,All Risk,,,,,1116.43,41,,,,,,,,1
136,405,All Risk,Fire,2/20/2025,130741,130741,44,Approved,Y,N,Motor,Named Driver,55,Y,Business,678.6,63,,,,,,,,1
137,1449,All Risk,Fire,10/17/2023,62569,28888,76,Repudiated,Y,Y,Building,,,,,2023.3,59,,,,,,,,0.4617
138,199,Contents,Burglary,8/20/2025,113843,20984,84,Repudiated,Y,Y,Motor,Named Driver,63,N,Business,454.54,67,,,,,,,,0.1843
139,1668,Motor,Theft & Hijacking,4/17/2025,52836,0,22,Repudiated,Y,N,Motor,Open Driver,35,N,Private,1778.93,19,36,13,Y,N,N,0,Invalid driver licence,0
140,1486,Contents,Water Damage,6/8/2024,48725,48725,14,Approved,N,Y,All Risk,,,,,2376,82,,,,,,,,1
141,1820,Building,Fire,10/3/2024,79118,52295,72,Repudiated,N,Y,Motor,Named Driver,74,N,Business,2485.14,90,,,,,,,,0.661
142,1176,Motor,Theft & Hijacking,12/23/2025,80291,80291,26,Approved,N,Y,Building,,,,,272.27,70,57,22,Y,Y,N,0,Driver meets policy requirements,1
143,1269,Contents,Fire,11/27/2025,34218,2123,71,Pending,Y,Y,All Risk,,,,,836.02,15,,,,,,,,0.062
144,797,Motor,Theft & Hijacking,12/8/2024,63947,63947,27,Approved,Y,N,Motor,Open Driver,64,Y,Business,1122.26,68,71,18,Y,Y,N,0,Driver meets policy requirements,1
145,1606,Motor,Theft & Hijacking,9/25/2024,25201,12697,80,Repudiated,N,N,All Risk,,,,,1100.3,59,58,2,Y,Y,N,0,Driver meets policy requirements,0.5038
146,429,Building,Malicious Damage,6/21/2025,85644,85644,49,Approved,N,N,Motor,Named Driver,31,N,Private,1406.06,93,,,,,,,,1
147,286,Contents,Water Damage,9/12/2025,126177,120621,65,Pending,Y,N,All Risk,,,,,681.49,51,,,,,,,,0.956
148,896,Contents,Fire,4/15/2025,7471,5476,93,Repudiated,N,N,Motor,Named Driver,44,Y,Business,1340.85,47,,,,,,,,0.733
149,241,All Risk,Fire,8/9/2024,47509,47509,26,Approved,N,N,Contents,,,,,2108.43,60,,,,,,,,1
150,832,Contents,Malicious Damage,5/7/2025,49404,13504,85,Repudiated,Y,N,Contents,,,,,1491.96,45,,,,,,,,0.2733
151,1710,Building,Fire,11/21/2023,21008,3484,81,Repudiated,N,Y,Motor,Open Driver,56,N,Business,2266.8,22,,,,,,,,0.1658
152,1164,Building,Fire,8/10/2024,96035,96035,30,Approved,N,N,Motor,Named Driver,37,N,Business,701.25,15,,,,,,,,1
153,1339,All Risk,Theft,10/10/2025,52600,52600,18,Approved,Y,N,Contents,,,,,2409.95,72,,,,,,,,1
154,1034,Building,Water Damage,12/1/2025,31324,31324,46,Approved,N,Y,All Risk,,,,,1273.26,48,,,,,,,,1
155,188,Contents,Burglary,2/16/2023,79659,79659,44,Approved,Y,N,All Risk,,,,,697.3,84,,,,,,,,1
156,1095,Motor,Accidental Damage,6/17/2025,23366,17317,90,Repudiated,N,Y,All Risk,,,,,1993.01,88,56,0,Y,Y,N,0,Driver meets policy requirements,0.7411
157,1319,Motor,Accidental Damage,2/3/2023,117000,117000,58,Approved,N,Y,Motor,Open Driver,42,Y,Private,2058.25,83,34,2,Y,Y,N,0,Driver meets policy requirements,1
158,1249,Contents,Accidental Damage,5/3/2024,6109,6109,23,Approved,Y,N,Building,,,,,1850.04,16,,,,,,,,1
159,1552,All Risk,Fire,1/19/2025,121696,121696,25,Approved,N,N,Motor,Named Driver,19,N,Business,2190.8,80,,,,,,,,1
160,1460,Building,Storm,3/22/2024,140152,140152,30,Approved,Y,N,Building,,,,,2252.66,89,,,,,,,,1
161,533,Contents,Burglary,11/2/2024,109419,33979,71,Pending,Y,Y,Motor,Open Driver,59,N,Private,2027.89,79,,,,,,,,0.3105
162,451,Contents,Malicious Damage,9/7/2023,34063,34063,46,Approved,N,Y,All Risk,,,,,362.01,86,,,,,,,,1
163,1798,Building,Flood,11/19/2024,9862,9862,52,Approved,Y,Y,Contents,,,,,2240.63,56,,,,,,,,1
164,1496,Contents,Water Damage,7/17/2025,110303,98810,65,Repudiated,Y,N,Motor,Named Driver,59,Y,Private,1694.96,47,,,,,,,,0.8958
165,1946,Contents,Fire,4/19/2025,137087,8816,65,Repudiated,Y,N,Motor,Named Driver,71,N,Private,1366.31,34,,,,,,,,0.0643
166,1155,Contents,Fire,1/6/2023,34653,34653,46,Approved,Y,N,Building,,,,,2391.58,7,,,,,,,,1
167,1450,Building,Water Damage,5/14/2023,107124,107124,18,Approved,N,N,Building,,,,,1384.29,9,,,,,,,,1
168,1177,All Risk,Fire,4/29/2023,132598,132598,21,Approved,N,N,Motor,Named Driver,49,N,Private,2402.51,77,,,,,,,,1
169,16,Contents,Accidental Damage,4/15/2025,61557,32974,87,Repudiated,Y,N,Motor,Named Driver,60,Y,Private,1784.35,18,,,,,,,,0.5357
170,909,All Risk,Travel Risk,10/1/2023,19791,19791,26,Approved,Y,N,Contents,,,,,506.97,29,,,,,,,,1
171,142,Contents,Malicious Damage,2/10/2023,12857,6884,66,Pending,N,N,Motor,Named Driver,58,Y,Business,589.8,26,,,,,,,,0.5354
172,1827,All Risk,Fire,12/4/2025,54793,3081,95,Repudiated,Y,N,Contents,,,,,2091.91,74,,,,,,,,0.0562
173,992,Contents,Burglary,5/15/2023,26422,26422,60,Approved,Y,Y,All Risk,,,,,1268.61,74,,,,,,,,1
174,1909,Building,Malicious Damage,10/21/2023,65827,35370,85,Repudiated,Y,Y,Contents,,,,,943.59,5,,,,,,,,0.5373
175,835,Contents,Burglary,9/12/2025,75034,15681,76,Repudiated,Y,N,Motor,Named Driver,67,Y,Private,570.68,76,,,,,,,,0.209
176,1844,Building,Flood,12/27/2023,92480,92480,23,Approved,Y,Y,Building,,,,,1097.95,37,,,,,,,,1
177,355,Motor,Fire & Explosion,12/5/2023,40473,40473,35,Approved,N,Y,All Risk,,,,,593.9,94,54,16,Y,Y,N,0,Driver meets policy requirements,1
178,467,Motor,Accidental Damage,3/30/2025,38771,16943,85,Repudiated,N,Y,All Risk,,,,,707.78,21,36,9,Y,Y,N,0,Driver meets policy requirements,0.437
179,98,Motor,Fire & Explosion,1/11/2023,53513,0,69,Repudiated,Y,N,Motor,Named Driver,61,Y,Private,1936.86,6,63,22,N,N,N,0,Incident driver not listed on named-driver policy,0
180,346,Contents,Fire,6/26/2023,114050,114050,45,Approved,N,Y,All Risk,,,,,1355.38,88,,,,,,,,1
181,676,Motor,Weather,2/19/2024,109290,109290,37,Approved,Y,Y,All Risk,,,,,1787.87,82,47,2,Y,Y,N,0,Driver meets policy requirements,1
182,1325,Motor,Weather,10/7/2024,71829,71829,17,Approved,Y,N,All Risk,,,,,563.57,11,27,1,Y,Y,N,0,Driver meets policy requirements,1
183,1002,Building,Water Damage,10/11/2024,63554,63554,56,Approved,Y,Y,Building,,,,,2038.73,35,,,,,,,,1
184,1507,Contents,Malicious Damage,3/27/2024,123480,123480,24,Approved,N,Y,All Risk,,,,,835.54,9,,,,,,,,1
185,1595,All Risk,Theft,11/5/2023,38626,38626,26,Approved,N,Y,Motor,Open Driver,70,N,Private,691.72,24,,,,,,,,1
186,1293,Building,Storm,7/20/2024,71296,71296,44,Approved,N,Y,All Risk,,,,,1277.98,28,,,,,,,,1
187,1592,Motor,Accidental Damage,9/29/2023,66377,13092,68,Repudiated,Y,Y,Building,,,,,467.6,15,66,8,Y,Y,N,0,Driver meets policy requirements,0.1972
188,746,Building,Fire,9/2/2023,124718,31250,72,Pending,Y,N,Contents,,,,,696.03,33,,,,,,,,0.2506
189,118,Building,Fire,7/30/2025,86505,86505,38,Approved,N,N,Building,,,,,733.91,86,,,,,,,,1
190,801,All Risk,Travel Risk,5/11/2025,134241,19977,85,Repudiated,Y,N,Motor,Named Driver,51,N,Private,442.17,44,,,,,,,,0.1488
191,534,Contents,Burglary,10/9/2023,43327,43327,30,Approved,Y,N,Motor,Open Driver,44,Y,Private,564.86,71,,,,,,,,1
192,539,Contents,Fire,8/15/2025,42465,38329,66,Repudiated,N,N,All Risk,,,,,1354.14,35,,,,,,,,0.9026
193,1623,All Risk,Accidental Loss,6/22/2024,107153,107153,36,Approved,N,Y,Building,,,,,2429.11,30,,,,,,,,1
194,447,Motor,Theft & Hijacking,7/23/2023,121772,121772,18,Approved,Y,N,All Risk,,,,,1000.17,57,29,1,Y,Y,N,0,Driver meets policy requirements,1
195,956,Building,Water Damage,12/7/2024,59986,59986,26,Approved,Y,N,Contents,,,,,434.55,20,,,,,,,,1
196,1271,Building,Malicious Damage,6/4/2023,149337,149337,36,Approved,N,N,All Risk,,,,,2277.04,67,,,,,,,,1
197,76,Building,Storm,8/13/2024,13566,8855,73,Repudiated,Y,N,Contents,,,,,1707.69,89,,,,,,,,0.6527
198,1495,All Risk,Fire,3/17/2023,110247,110247,34,Approved,Y,Y,Contents,,,,,357.14,40,,,,,,,,1
199,1140,All Risk,Fire,12/10/2024,80046,80046,13,Approved,N,Y,Motor,Named Driver,35,Y,Private,755.61,40,,,,,,,,1
200,286,Motor,Fire & Explosion,6/3/2024,94406,94406,57,Approved,N,Y,All Risk,,,,,681.49,51,49,19,Y,Y,N,0,Driver meets policy requirements,1
201,1313,Building,Malicious Damage,9/13/2025,13563,12453,82,Repudiated,Y,Y,All Risk,,,,,2191.14,81,,,,,,,,0.9182
202,1634,Building,Fire,9/30/2023,115134,28683,74,Pending,Y,Y,Building,,,,,2400.54,53,,,,,,,,0.2491
203,1848,Motor,Weather,10/21/2025,88056,677,84,Repudiated,N,Y,Contents,,,,,1167.48,30,31,0,Y,Y,N,0,Driver meets policy requirements,0.0077
204,1495,Contents,Malicious Damage,3/27/2024,116727,6005,91,Repudiated,Y,N,Contents,,,,,357.14,40,,,,,,,,0.0514
205,169,All Risk,Accidental Loss,3/7/2023,65675,65675,23,Approved,N,N,All Risk,,,,,365.5,94,,,,,,,,1
206,363,Contents,Fire,8/13/2023,144188,144188,32,Approved,Y,N,All Risk,,,,,1428.57,49,,,,,,,,1
207,1603,Contents,Accidental Damage,11/18/2025,9986,9986,11,Approved,N,N,Motor,Open Driver,40,N,Business,255.14,94,,,,,,,,1
208,1209,All Risk,Accidental Loss,6/2/2023,70711,70711,41,Approved,N,N,Contents,,,,,912.04,38,,,,,,,,1
209,509,Motor,Weather,7/16/2025,116001,113486,90,Repudiated,N,N,Building,,,,,1064.57,26,72,28,Y,Y,N,0,Driver meets policy requirements,0.9783
210,1767,Contents,Fire,7/20/2024,23947,23947,28,Approved,Y,Y,All Risk,,,,,1116.43,41,,,,,,,,1
211,241,All Risk,Accidental Loss,8/15/2023,18617,18617,28,Approved,Y,N,Contents,,,,,2108.43,60,,,,,,,,1
212,69,Motor,Glass Damage,8/14/2025,133171,133171,42,Approved,N,Y,Contents,,,,,1986.85,85,62,44,Y,Y,N,0,Driver meets policy requirements,1
213,794,Building,Flood,8/9/2025,125372,20789,75,Repudiated,N,Y,All Risk,,,,,1103.43,81,,,,,,,,0.1658
214,921,Contents,Malicious Damage,1/19/2025,130080,130080,49,Approved,Y,N,Contents,,,,,920.97,76,,,,,,,,1
215,268,Contents,Water Damage,12/26/2024,57721,32526,67,Pending,Y,Y,Building,,,,,518.38,56,,,,,,,,0.5635
216,574,Building,Flood,11/22/2024,133200,133200,34,Approved,N,N,Motor,Open Driver,22,N,Business,823.42,78,,,,,,,,1
217,767,Contents,Malicious Damage,9/16/2023,28569,28569,58,Approved,Y,Y,All Risk,,,,,857.5,81,,,,,,,,1
218,911,All Risk,Fire,5/25/2023,30460,18557,66,Pending,Y,N,All Risk,,,,,1140.3,61,,,,,,,,0.6092
219,1619,Motor,Weather,12/9/2025,26800,26800,38,Approved,N,Y,Motor,Open Driver,64,Y,Private,2476.82,28,57,0,Y,Y,N,0,Driver meets policy requirements,1
220,1093,Building,Water Damage,1/18/2025,47541,47541,11,Approved,N,N,Building,,,,,1722.98,25,,,,,,,,1
221,832,Contents,Burglary,2/2/2025,18350,18350,19,Approved,Y,Y,Contents,,,,,1491.96,45,,,,,,,,1
222,1800,Building,Flood,6/24/2025,14557,12334,82,Repudiated,N,Y,Building,,,,,1927.34,25,,,,,,,,0.8473
223,1324,Building,Storm,3/11/2023,54529,54529,25,Approved,Y,Y,Building,,,,,2443.26,31,,,,,,,,1
224,880,Contents,Malicious Damage,9/25/2024,84650,8663,80,Repudiated,N,Y,Motor,Open Driver,38,Y,Business,791.36,44,,,,,,,,0.1023
225,1750,Motor,Accidental Damage,8/7/2025,89696,0,79,Repudiated,Y,N,Motor,Open Driver,50,N,Private,779.3,59,56,0,Y,N,N,0,Invalid driver licence,0
226,359,Building,Water Damage,8/17/2023,6854,6854,18,Approved,Y,N,Building,,,,,340.27,36,,,,,,,,1
227,1247,Motor,Accidental Damage,4/13/2024,78861,56119,81,Repudiated,N,N,Contents,,,,,2485.08,82,34,4,Y,Y,N,0,Driver meets policy requirements,0.7116
228,96,All Risk,Theft,4/18/2025,38850,38850,40,Approved,N,Y,Building,,,,,1678.89,22,,,,,,,,1
229,1828,Motor,Accidental Damage,11/25/2023,79299,76799,11,Approved with Additional Excess,N,N,Motor,Open Driver,32,Y,Private,985.81,43,24,0,Y,Y,Y,2500,Eligible claim with additional excess: driver under 25 and licence held less than 2 years,0.9685
230,900,Contents,Fire,4/18/2023,72671,13728,86,Repudiated,Y,N,Building,,,,,1305.83,87,,,,,,,,0.1889
231,874,Contents,Fire,12/6/2023,7597,7011,65,Repudiated,Y,Y,Motor,Open Driver,24,N,Private,2410.92,51,,,,,,,,0.9229
232,1576,Building,Water Damage,1/27/2024,148963,148963,36,Approved,N,N,Motor,Named Driver,63,N,Business,1969.37,67,,,,,,,,1
233,1340,All Risk,Travel Risk,3/26/2023,141648,69545,91,Repudiated,N,Y,All Risk,,,,,1931.08,41,,,,,,,,0.491
234,1972,Building,Storm,11/17/2023,131684,131684,45,Approved,Y,Y,Motor,Named Driver,40,Y,Private,2081.86,44,,,,,,,,1
235,857,Contents,Burglary,4/5/2025,2507,1382,62,Pending,Y,Y,All Risk,,,,,1546.24,24,,,,,,,,0.5513
236,569,Contents,Water Damage,8/3/2023,40538,20184,75,Repudiated,Y,Y,All Risk,,,,,1481.18,87,,,,,,,,0.4979
237,280,Contents,Water Damage,10/25/2024,109308,109308,48,Approved,N,Y,All Risk,,,,,2234.78,71,,,,,,,,1
238,1319,Building,Flood,7/12/2023,63254,63254,15,Approved,N,Y,Motor,Open Driver,42,Y,Private,2058.25,83,,,,,,,,1
239,1619,Contents,Fire,5/29/2024,40970,40970,24,Approved,Y,N,Motor,Open Driver,64,Y,Private,2476.82,28,,,,,,,,1
240,1551,Contents,Accidental Damage,9/24/2024,24621,11233,91,Repudiated,Y,Y,Building,,,,,1161.43,41,,,,,,,,0.4562
241,1889,Contents,Water Damage,5/5/2024,136139,136139,31,Approved,Y,Y,All Risk,,,,,563.94,60,,,,,,,,1
242,760,Building,Fire,8/3/2025,6300,6300,13,Approved,Y,Y,Building,,,,,1738.87,6,,,,,,,,1
243,314,All Risk,Theft,4/8/2023,22345,22345,23,Approved,N,N,Building,,,,,1326.77,21,,,,,,,,1
244,1510,All Risk,Theft,10/30/2024,73739,73739,23,Approved,N,Y,All Risk,,,,,657.81,90,,,,,,,,1
245,350,Building,Storm,7/12/2023,96751,77044,71,Repudiated,Y,N,Motor,Open Driver,46,N,Business,894.81,24,,,,,,,,0.7963
246,195,All Risk,Travel Risk,1/7/2025,37649,37649,47,Approved,Y,Y,Building,,,,,976.15,63,,,,,,,,1
247,815,Motor,Fire & Explosion,9/15/2023,20990,0,86,Repudiated,N,Y,Motor,Open Driver,51,N,Private,2217.79,20,51,10,Y,N,N,0,Invalid driver licence,0
248,1268,Contents,Fire,1/28/2025,47776,47776,29,Approved,Y,Y,All Risk,,,,,1081.65,77,,,,,,,,1
249,659,Motor,Glass Damage,4/19/2023,92308,30762,63,Pending,N,Y,Motor,Open Driver,57,Y,Business,339.56,42,50,20,Y,Y,N,0,Driver meets policy requirements,0.3333
250,974,Contents,Water Damage,1/22/2025,51633,33831,62,Repudiated,N,Y,Building,,,,,1126.5,35,,,,,,,,0.6552
251,1400,Building,Flood,9/9/2025,141107,6414,75,Pending,Y,Y,All Risk,,,,,1515.79,75,,,,,,,,0.0455
252,1054,Motor,Theft & Hijacking,11/11/2023,142591,121297,81,Repudiated,Y,Y,Building,,,,,1991.82,46,64,20,Y,Y,N,0,Driver meets policy requirements,0.8507
253,835,Contents,Accidental Damage,3/30/2023,54949,43825,76,Pending,N,N,Motor,Named Driver,67,Y,Private,570.68,76,,,,,,,,0.7976
254,1650,Building,Water Damage,6/13/2023,116276,116276,22,Approved,N,N,Building,,,,,2229.58,38,,,,,,,,1
255,90,Motor,Accidental Damage,2/14/2024,123647,98909,74,Repudiated,Y,Y,All Risk,,,,,419.83,23,19,0,Y,Y,Y,2500,Eligible claim with additional excess: driver under 25 and licence held less than 2 years,0.7999
256,57,Building,Flood,12/23/2023,132384,132384,27,Approved,Y,N,Building,,,,,2205.03,8,,,,,,,,1
257,249,Motor,Theft & Hijacking,7/23/2023,118279,118279,56,Approved,Y,Y,All Risk,,,,,2339.08,27,62,41,Y,Y,N,0,Driver meets policy requirements,1
258,1166,Contents,Fire,7/19/2024,87431,87431,39,Approved,Y,Y,Contents,,,,,251.61,95,,,,,,,,1
259,342,Contents,Accidental Damage,1/4/2023,143533,143533,55,Approved,Y,Y,All Risk,,,,,1656.44,54,,,,,,,,1
260,1109,Contents,Accidental Damage,12/3/2023,88372,88372,54,Approved,Y,N,Building,,,,,2007.32,94,,,,,,,,1
261,1848,Contents,Water Damage,10/14/2023,88056,88056,28,Approved,Y,N,Contents,,,,,1167.48,30,,,,,,,,1
262,136,Building,Malicious Damage,3/11/2025,72905,51964,85,Repudiated,N,Y,All Risk,,,,,281.15,12,,,,,,,,0.7128
263,1150,Building,Fire,2/28/2023,32409,32409,33,Approved,Y,N,Motor,Named Driver,29,N,Private,723.52,10,,,,,,,,1
264,1930,All Risk,Accidental Loss,10/20/2024,12860,1564,68,Pending,Y,Y,Motor,Open Driver,64,Y,Business,819.36,77,,,,,,,,0.1216
265,1977,Contents,Accidental Damage,8/25/2024,15967,15967,32,Approved,Y,Y,Motor,Named Driver,59,Y,Private,1136.97,44,,,,,,,,1
266,124,Contents,Malicious Damage,10/14/2024,37618,37618,56,Approved,Y,Y,Motor,Open Driver,47,Y,Business,1525.2,64,,,,,,,,1
267,1246,Contents,Water Damage,4/29/2025,75509,19366,87,Repudiated,N,N,Building,,,,,2198.01,71,,,,,,,,0.2565
268,1115,Contents,Malicious Damage,5/25/2025,80249,73698,69,Pending,N,N,Contents,,,,,795.37,11,,,,,,,,0.9184
269,10,Building,Fire,7/14/2025,138533,138533,29,Approved,N,N,Contents,,,,,1937.78,41,,,,,,,,1
270,1708,All Risk,Fire,2/10/2023,100703,100703,28,Approved,Y,N,Motor,Open Driver,31,N,Business,2325.44,38,,,,,,,,1
271,910,Building,Fire,2/23/2024,63621,63621,12,Approved,N,Y,Contents,,,,,2014.75,45,,,,,,,,1
272,1518,All Risk,Fire,10/11/2023,98041,20026,71,Pending,Y,Y,Building,,,,,1377.68,6,,,,,,,,0.2043
273,381,All Risk,Travel Risk,12/6/2024,94602,84901,94,Repudiated,N,N,Motor,Open Driver,26,N,Private,900.44,48,,,,,,,,0.8975
274,1229,Motor,Fire & Explosion,8/29/2024,108631,108631,54,Approved,N,N,Building,,,,,1857.36,51,45,0,Y,Y,N,0,Driver meets policy requirements,1
275,335,All Risk,Fire,3/14/2025,66071,66071,30,Approved,Y,Y,All Risk,,,,,809.85,41,,,,,,,,1
276,885,Building,Water Damage,2/9/2025,90754,17485,67,Repudiated,N,N,Contents,,,,,1265.17,17,,,,,,,,0.1927
277,1626,Motor,Theft & Hijacking,12/6/2025,93941,38641,93,Repudiated,Y,Y,All Risk,,,,,1636.75,32,51,1,Y,Y,N,0,Driver meets policy requirements,0.4113
278,288,Building,Fire,12/30/2023,12049,12049,38,Approved,Y,N,Contents,,,,,1244.68,54,,,,,,,,1
279,919,Motor,Theft & Hijacking,6/10/2023,10398,10398,13,Approved,Y,Y,Building,,,,,1233.04,65,30,1,Y,Y,N,0,Driver meets policy requirements,1
280,533,Motor,Fire & Explosion,6/11/2024,149015,0,81,Repudiated,N,N,Motor,Open Driver,59,N,Private,2027.89,79,55,1,Y,N,N,0,Invalid driver licence,0
281,1507,All Risk,Fire,4/15/2023,124678,124678,60,Approved,Y,N,All Risk,,,,,835.54,9,,,,,,,,1
282,437,Building,Malicious Damage,3/10/2023,142558,139516,64,Pending,N,N,All Risk,,,,,725.43,69,,,,,,,,0.9787
283,89,All Risk,Accidental Loss,8/26/2024,118667,118667,10,Approved,N,Y,Contents,,,,,1121.67,24,,,,,,,,1
284,909,Motor,Fire & Explosion,9/3/2024,86359,86359,18,Approved,Y,Y,Contents,,,,,506.97,29,42,0,Y,Y,N,0,Driver meets policy requirements,1
285,1901,Motor,Weather,5/25/2023,120285,120285,27,Approved,N,Y,All Risk,,,,,2411.52,63,47,2,Y,Y,N,0,Driver meets policy requirements,1
286,572,Motor,Weather,2/1/2023,82277,52740,80,Repudiated,N,Y,Building,,,,,1987.3,90,21,1,Y,Y,Y,2500,Eligible claim with additional excess: driver under 25 and licence held less than 2 years,0.641
287,1937,Contents,Malicious Damage,4/6/2025,5718,5718,26,Approved,N,N,All Risk,,,,,1676.37,34,,,,,,,,1
288,1244,Contents,Accidental Damage,10/5/2025,103274,103274,32,Approved,N,Y,Motor,Named Driver,67,N,Private,588.66,80,,,,,,,,1
289,865,Motor,Glass Damage,10/30/2024,50959,38702,91,Repudiated,Y,N,Building,,,,,2428.17,13,55,9,Y,Y,N,0,Driver meets policy requirements,0.7595
290,1624,Motor,Glass Damage,9/23/2023,129816,129816,47,Approved,Y,Y,Motor,Named Driver,59,Y,Business,799.29,17,62,43,Y,Y,N,0,Driver meets policy requirements,1
291,365,Building,Water Damage,5/15/2025,47727,47727,17,Approved,Y,Y,Building,,,,,322.63,67,,,,,,,,1
292,472,Building,Fire,4/13/2023,56883,56883,32,Approved,Y,N,Building,,,,,1275.54,40,,,,,,,,1
293,1183,Contents,Burglary,8/31/2025,149081,149081,47,Approved,Y,N,All Risk,,,,,2282.38,77,,,,,,,,1
294,1171,All Risk,Theft,9/20/2023,58687,58687,41,Approved,N,Y,Building,,,,,831.57,36,,,,,,,,1
295,1087,Contents,Burglary,5/31/2025,98502,98502,28,Approved,Y,Y,Motor,Open Driver,54,N,Business,1346.05,21,,,,,,,,1
296,700,Contents,Malicious Damage,2/8/2025,7893,7893,47,Approved,N,N,Contents,,,,,1821.03,87,,,,,,,,1
297,1130,Motor,Theft & Hijacking,12/24/2024,75594,0,54,Repudiated,N,Y,Motor,Named Driver,30,N,Business,646.25,36,25,2,Y,N,N,0,Invalid driver licence,0
298,251,Motor,Theft & Hijacking,12/21/2025,137373,45429,85,Repudiated,N,Y,Building,,,,,2225.1,72,57,16,Y,Y,N,0,Driver meets policy requirements,0.3307
299,1901,Motor,Fire & Explosion,1/9/2025,56301,7305,62,Repudiated,N,N,All Risk,,,,,2411.52,63,24,3,Y,Y,N,0,Driver meets policy requirements,0.1297
300,77,All Risk,Fire,7/3/2025,9974,9974,32,Approved,Y,Y,Contents,,,,,2154.08,65,,,,,,,,1
301,1838,All Risk,Theft,3/15/2025,25189,25189,49,Approved,Y,Y,Contents,,,,,365.71,16,,,,,,,,1
302,1551,Building,Fire,3/3/2023,84774,84774,26,Approved,Y,N,Building,,,,,1161.43,41,,,,,,,,1
303,1508,Building,Fire,12/11/2024,11321,11321,36,Approved,Y,Y,All Risk,,,,,1217.2,9,,,,,,,,1
304,274,Building,Water Damage,1/28/2023,141492,41093,82,Repudiated,N,Y,Building,,,,,321.9,5,,,,,,,,0.2904
305,126,Building,Water Damage,3/7/2024,131001,109511,93,Repudiated,Y,Y,Contents,,,,,879.31,87,,,,,,,,0.836
306,849,Contents,Accidental Damage,3/22/2023,56347,50217,68,Pending,Y,N,Building,,,,,2139.85,7,,,,,,,,0.8912
307,1715,Motor,Weather,3/27/2025,46920,25236,72,Repudiated,Y,N,All Risk,,,,,1238.65,83,27,3,Y,Y,N,0,Driver meets policy requirements,0.5379
308,1216,All Risk,Travel Risk,1/2/2025,54037,29885,71,Repudiated,N,Y,Contents,,,,,950.53,55,,,,,,,,0.553
309,1785,Building,Fire,11/25/2024,2976,2976,43,Approved,Y,Y,Contents,,,,,1247.57,51,,,,,,,,1
310,1768,Motor,Glass Damage,8/1/2024,17254,17254,23,Approved,N,N,Motor,Named Driver,30,Y,Business,700.29,45,38,3,Y,Y,N,0,Driver meets policy requirements,1
311,1413,Motor,Glass Damage,5/31/2024,126915,126915,37,Approved,N,N,All Risk,,,,,1033.05,37,47,1,Y,Y,N,0,Driver meets policy requirements,1
312,1177,Contents,Fire,6/5/2024,2849,2849,15,Approved,N,N,Motor,Named Driver,49,N,Private,2402.51,77,,,,,,,,1
313,1053,Motor,Glass Damage,1/22/2023,86127,13904,68,Repudiated,Y,Y,Motor,Named Driver,28,Y,Private,1374.76,25,20,0,Y,Y,Y,2500,Eligible claim with additional excess: driver under 25 and licence held less than 2 years,0.1614
314,84,Building,Water Damage,4/7/2024,61109,18149,72,Repudiated,N,Y,Building,,,,,905.93,70,,,,,,,,0.297
315,1029,Motor,Theft & Hijacking,1/23/2025,39788,0,57,Repudiated,N,Y,Motor,Named Driver,24,N,Private,415.92,89,30,0,Y,N,N,0,Invalid driver licence,0
316,529,Contents,Burglary,3/10/2023,105126,66932,87,Repudiated,Y,N,All Risk,,,,,1890,29,,,,,,,,0.6367
317,428,Contents,Burglary,7/4/2025,32558,32558,60,Approved,Y,Y,Contents,,,,,1412.73,12,,,,,,,,1
318,1656,Building,Flood,8/1/2025,5744,5744,19,Approved,N,N,Building,,,,,1605.58,77,,,,,,,,1
319,1847,All Risk,Travel Risk,3/18/2025,50238,50238,33,Approved,Y,N,Building,,,,,389.95,23,,,,,,,,1
320,24,Motor,Fire & Explosion,5/1/2023,93065,0,60,Repudiated,Y,Y,Motor,Open Driver,56,N,Business,1969.22,47,60,1,Y,N,N,0,Invalid driver licence,0
321,1958,Building,Flood,11/25/2023,35220,16421,73,Repudiated,N,N,Motor,Named Driver,31,Y,Business,972.18,31,,,,,,,,0.4662
322,1429,Contents,Malicious Damage,4/26/2025,121788,50935,67,Repudiated,N,Y,All Risk,,,,,1054.92,14,,,,,,,,0.4182
323,651,Building,Storm,8/24/2025,108256,108256,55,Approved,Y,N,Contents,,,,,1537.17,53,,,,,,,,1
324,584,Building,Fire,1/21/2025,119724,93038,79,Repudiated,Y,N,Building,,,,,2188.42,85,,,,,,,,0.7771
325,1214,All Risk,Accidental Loss,1/24/2024,115930,115930,34,Approved,N,Y,All Risk,,,,,1118.86,90,,,,,,,,1
326,1285,Motor,Theft & Hijacking,12/4/2025,129786,129786,11,Approved,N,N,Building,,,,,572.11,85,57,1,Y,Y,N,0,Driver meets policy requirements,1
327,251,Contents,Malicious Damage,3/5/2023,122174,122174,33,Approved,Y,Y,Building,,,,,2225.1,72,,,,,,,,1
328,1656,Building,Water Damage,8/10/2023,4285,3507,87,Repudiated,N,N,Building,,,,,1605.58,77,,,,,,,,0.8184
329,141,Building,Malicious Damage,3/26/2025,28659,14540,80,Repudiated,N,N,All Risk,,,,,367.95,16,,,,,,,,0.5073
330,1802,Motor,Weather,6/9/2025,145939,145939,28,Approved,Y,Y,All Risk,,,,,793.35,10,43,0,Y,Y,N,0,Driver meets policy requirements,1
331,182,All Risk,Travel Risk,9/28/2025,69314,69314,49,Approved,N,Y,All Risk,,,,,2332.82,18,,,,,,,,1
332,1147,Motor,Theft & Hijacking,8/3/2023,74681,74681,25,Approved,N,N,All Risk,,,,,1501.12,45,53,4,Y,Y,N,0,Driver meets policy requirements,1
333,1013,Building,Fire,5/12/2023,25248,17338,78,Repudiated,N,N,Motor,Open Driver,48,Y,Private,289.81,70,,,,,,,,0.6867
334,461,Building,Storm,10/30/2023,108246,108246,56,Approved,N,Y,All Risk,,,,,662.65,68,,,,,,,,1
335,1721,Contents,Malicious Damage,8/1/2023,51446,51446,14,Approved,Y,N,Contents,,,,,2495.61,85,,,,,,,,1
336,1258,Building,Fire,2/19/2024,133979,41181,74,Pending,Y,N,Building,,,,,329.55,86,,,,,,,,0.3074
337,1209,All Risk,Theft,11/22/2025,7200,5391,93,Repudiated,Y,Y,Contents,,,,,912.04,38,,,,,,,,0.7488
338,452,All Risk,Fire,9/2/2025,5431,2445,64,Pending,Y,Y,Contents,,,,,2442.83,13,,,,,,,,0.4502
339,1818,Motor,Weather,12/24/2023,2110,1980,75,Pending,Y,N,Motor,Open Driver,63,Y,Private,1647.72,45,58,30,Y,Y,N,0,Driver meets policy requirements,0.9384
340,1879,Contents,Fire,11/10/2025,68671,68671,59,Approved,Y,N,All Risk,,,,,522.09,16,,,,,,,,1
341,1829,All Risk,Theft,3/30/2025,149523,149523,57,Approved,N,Y,Building,,,,,2078.69,39,,,,,,,,1
342,160,Motor,Fire & Explosion,2/9/2025,144658,144658,18,Approved,Y,N,All Risk,,,,,459.12,23,70,24,Y,Y,N,0,Driver meets policy requirements,1
343,555,Motor,Weather,12/29/2023,50025,50025,29,Approved,N,Y,Building,,,,,1414.29,64,45,20,Y,Y,N,0,Driver meets policy requirements,1
344,212,Building,Storm,4/22/2024,126844,58797,90,Repudiated,N,Y,All Risk,,,,,1417.46,71,,,,,,,,0.4635
345,905,Motor,Theft & Hijacking,4/1/2024,68489,68489,35,Approved,Y,N,Motor,Open Driver,62,Y,Private,732.87,37,69,1,Y,Y,N,0,Driver meets policy requirements,1
346,1066,All Risk,Theft,11/2/2025,13727,3607,79,Pending,N,Y,Building,,,,,706.29,70,,,,,,,,0.2628
347,886,Contents,Fire,1/12/2023,21583,2511,94,Repudiated,Y,N,All Risk,,,,,730.18,52,,,,,,,,0.1163
348,1588,All Risk,Travel Risk,11/16/2023,57109,5828,67,Pending,Y,N,All Risk,,,,,1138.79,87,,,,,,,,0.1021
349,1367,All Risk,Theft,6/16/2025,95061,54161,80,Repudiated,N,Y,Building,,,,,2338.51,74,,,,,,,,0.5697
350,1089,Motor,Accidental Damage,1/24/2025,18458,18458,14,Approved,N,Y,Motor,Open Driver,37,Y,Business,390.67,31,29,2,Y,Y,N,0,Driver meets policy requirements,1
351,818,Contents,Accidental Damage,3/26/2024,38061,15462,70,Repudiated,N,N,Motor,Named Driver,49,Y,Private,1173.48,19,,,,,,,,0.4062
352,167,Motor,Glass Damage,8/8/2023,111010,108510,56,Approved with Additional Excess,Y,Y,All Risk,,,,,1722.88,81,20,0,Y,Y,Y,2500,Eligible claim with additional excess: driver under 25 and licence held less than 2 years,0.9775
353,1851,Contents,Water Damage,10/29/2025,58492,22217,93,Repudiated,Y,N,Building,,,,,1340.82,19,,,,,,,,0.3798
354,1544,Building,Storm,2/21/2025,74096,74096,39,Approved,N,Y,Building,,,,,591.94,38,,,,,,,,1
355,100,Contents,Accidental Damage,3/9/2025,139108,67951,64,Repudiated,Y,N,All Risk,,,,,1746.64,27,,,,,,,,0.4885
356,1231,Motor,Weather,10/31/2024,120006,120006,49,Approved,Y,Y,Contents,,,,,2244.53,77,32,1,Y,Y,N,0,Driver meets policy requirements,1
357,785,Building,Flood,6/21/2025,50855,8603,86,Repudiated,Y,N,All Risk,,,,,460.31,40,,,,,,,,0.1692
358,247,All Risk,Travel Risk,9/25/2023,9630,7733,68,Pending,N,N,Building,,,,,1645.05,29,,,,,,,,0.803
359,1533,All Risk,Travel Risk,5/26/2024,51776,51776,30,Approved,N,Y,All Risk,,,,,2381.59,60,,,,,,,,1
360,303,All Risk,Travel Risk,12/3/2025,105703,105703,60,Approved,Y,Y,Building,,,,,2314.11,93,,,,,,,,1
361,1255,All Risk,Fire,10/4/2025,38321,38321,45,Approved,Y,N,Contents,,,,,2403.57,46,,,,,,,,1
362,318,All Risk,Theft,12/30/2024,47445,47445,44,Approved,Y,N,Contents,,,,,1219.74,56,,,,,,,,1
363,310,Building,Flood,6/23/2023,116929,95371,84,Repudiated,Y,Y,All Risk,,,,,736.03,23,,,,,,,,0.8156
364,930,Motor,Fire & Explosion,7/1/2024,105339,105339,53,Approved,Y,Y,Building,,,,,1243.4,39,33,2,Y,Y,N,0,Driver meets policy requirements,1
365,1103,Motor,Weather,8/3/2023,61871,0,70,Repudiated,N,Y,Motor,Open Driver,28,N,Private,476.94,42,33,0,Y,N,N,0,Invalid driver licence,0
366,1975,All Risk,Theft,8/15/2024,31394,31394,14,Approved,Y,N,Motor,Open Driver,60,Y,Private,2121.12,38,,,,,,,,1
367,1400,Motor,Fire & Explosion,2/8/2023,9016,9016,51,Approved,N,N,All Risk,,,,,1515.79,75,54,3,Y,Y,N,0,Driver meets policy requirements,1
368,1141,Building,Water Damage,12/4/2024,93935,58377,85,Repudiated,N,Y,Motor,Named Driver,55,N,Business,2134.98,46,,,,,,,,0.6215
369,1863,Contents,Burglary,12/31/2023,3765,3282,64,Pending,Y,N,Motor,Named Driver,40,N,Private,736.09,22,,,,,,,,0.8717
370,506,Motor,Fire & Explosion,11/11/2024,144987,144987,55,Approved,N,Y,Building,,,,,1899.83,12,37,2,Y,Y,N,0,Driver meets policy requirements,1
371,1499,Contents,Accidental Damage,3/28/2024,2673,2461,71,Repudiated,Y,N,All Risk,,,,,1125.21,91,,,,,,,,0.9207
372,574,Motor,Theft & Hijacking,12/8/2024,134692,0,44,Repudiated,Y,N,Motor,Open Driver,22,N,Business,823.42,78,22,1,Y,N,Y,2500,Invalid driver licence,0
373,1461,Contents,Malicious Damage,9/26/2024,57585,57585,13,Approved,Y,Y,Contents,,,,,1480.66,57,,,,,,,,1
374,241,Motor,Theft & Hijacking,5/10/2024,145848,145848,50,Approved,N,Y,Contents,,,,,2108.43,60,24,3,Y,Y,N,0,Driver meets policy requirements,1
375,1246,Building,Water Damage,6/30/2025,103916,103916,11,Approved,Y,Y,Building,,,,,2198.01,71,,,,,,,,1
376,1255,Motor,Weather,9/12/2025,97188,97188,60,Approved,Y,Y,Contents,,,,,2403.57,46,48,2,Y,Y,N,0,Driver meets policy requirements,1
377,1301,All Risk,Accidental Loss,2/26/2023,117228,44244,95,Repudiated,N,N,Building,,,,,2196.88,53,,,,,,,,0.3774
378,97,All Risk,Accidental Loss,9/2/2025,25797,25797,10,Approved,N,N,Contents,,,,,2419.29,57,,,,,,,,1
379,1156,Motor,Accidental Damage,4/25/2025,73927,51150,69,Repudiated,Y,Y,All Risk,,,,,914.09,90,70,1,Y,Y,N,0,Driver meets policy requirements,0.6919
380,35,Contents,Accidental Damage,9/1/2025,101356,54081,76,Repudiated,N,Y,All Risk,,,,,970.62,48,,,,,,,,0.5336
381,333,All Risk,Accidental Loss,4/8/2023,147644,147644,10,Approved,N,N,Building,,,,,987.9,26,,,,,,,,1
382,2000,All Risk,Theft,3/15/2024,147789,147789,22,Approved,Y,Y,All Risk,,,,,1513,42,,,,,,,,1
383,244,All Risk,Theft,7/1/2024,109056,109056,24,Approved,N,Y,Motor,Named Driver,65,Y,Private,2259.89,82,,,,,,,,1
384,956,Building,Water Damage,5/10/2024,80558,80558,21,Approved,Y,Y,Contents,,,,,434.55,20,,,,,,,,1
385,296,All Risk,Accidental Loss,6/13/2025,93477,93477,42,Approved,Y,N,All Risk,,,,,1358.36,67,,,,,,,,1
386,1140,Building,Flood,7/3/2025,133828,70157,72,Pending,N,N,Motor,Named Driver,35,Y,Private,755.61,40,,,,,,,,0.5242
387,1255,All Risk,Accidental Loss,7/7/2023,11896,2100,84,Repudiated,N,N,Contents,,,,,2403.57,46,,,,,,,,0.1765
388,177,Contents,Fire,10/31/2023,69528,67503,75,Repudiated,N,Y,Building,,,,,713.14,58,,,,,,,,0.9709
389,241,Motor,Glass Damage,11/19/2024,74692,72192,19,Approved with Additional Excess,Y,Y,Contents,,,,,2108.43,60,24,0,Y,Y,Y,2500,Eligible claim with additional excess: driver under 25 and licence held less than 2 years,0.9665
390,1015,Contents,Accidental Damage,6/19/2025,40874,40874,44,Approved,N,Y,Contents,,,,,2481.22,81,,,,,,,,1
391,988,Building,Flood,3/2/2025,71595,71595,59,Approved,N,Y,Contents,,,,,2176.76,94,,,,,,,,1
392,489,All Risk,Accidental Loss,5/22/2023,136493,120900,74,Pending,N,Y,All Risk,,,,,1120.29,29,,,,,,,,0.8858
393,1051,All Risk,Accidental Loss,9/16/2024,9619,5289,84,Repudiated,N,N,Motor,Named Driver,55,N,Business,1277.33,5,,,,,,,,0.5498
394,499,Motor,Glass Damage,7/15/2025,145470,90706,91,Repudiated,Y,Y,Motor,Open Driver,51,Y,Private,1124.5,62,46,6,Y,Y,N,0,Driver meets policy requirements,0.6235
395,245,Building,Water Damage,3/31/2025,61756,61756,44,Approved,N,Y,All Risk,,,,,1886.3,95,,,,,,,,1
396,1610,Building,Malicious Damage,4/18/2023,12097,12097,25,Approved,N,N,Motor,Open Driver,20,N,Private,728.07,25,,,,,,,,1
397,1848,Contents,Malicious Damage,5/15/2023,111093,111093,18,Approved,N,Y,Contents,,,,,1167.48,30,,,,,,,,1
398,133,Motor,Fire & Explosion,11/15/2023,42314,23363,86,Repudiated,N,Y,All Risk,,,,,756.89,11,28,2,Y,Y,N,0,Driver meets policy requirements,0.5521
399,511,All Risk,Fire,3/16/2023,128157,128157,58,Approved,N,N,All Risk,,,,,2448.46,46,,,,,,,,1
400,1154,Contents,Water Damage,4/23/2023,14946,14946,49,Approved,N,Y,Contents,,,,,2445.79,21,,,,,,,,1
401,635,Building,Water Damage,4/16/2023,137560,137560,13,Approved,N,Y,All Risk,,,,,1080.57,66,,,,,,,,1
402,802,Motor,Weather,12/23/2023,113498,113498,51,Approved,Y,N,All Risk,,,,,486.68,93,27,0,Y,Y,N,0,Driver meets policy requirements,1
403,1504,Contents,Fire,4/27/2024,88042,88042,44,Approved,Y,Y,Motor,Named Driver,75,N,Private,269.03,51,,,,,,,,1
404,675,Contents,Accidental Damage,9/17/2024,123865,44985,87,Repudiated,N,Y,All Risk,,,,,2016.42,32,,,,,,,,0.3632
405,1131,All Risk,Travel Risk,5/4/2023,21003,21003,21,Approved,N,N,Contents,,,,,2221.03,42,,,,,,,,1
406,1987,All Risk,Fire,12/29/2024,115250,72779,65,Pending,N,Y,All Risk,,,,,455.7,49,,,,,,,,0.6315
407,1952,Contents,Fire,10/21/2023,70679,6068,67,Pending,Y,Y,Building,,,,,360.06,61,,,,,,,,0.0859
408,864,All Risk,Travel Risk,7/23/2024,44743,28957,63,Repudiated,Y,Y,Contents,,,,,2342.07,45,,,,,,,,0.6472
409,1189,All Risk,Theft,10/9/2023,10673,108,65,Repudiated,Y,N,Contents,,,,,993.69,42,,,,,,,,0.0101
410,889,Building,Storm,8/19/2025,16463,16463,43,Approved,N,Y,Contents,,,,,1216.48,69,,,,,,,,1
411,1632,Motor,Weather,3/15/2024,45127,33808,63,Repudiated,Y,N,All Risk,,,,,2022.96,6,51,1,Y,Y,N,0,Driver meets policy requirements,0.7492
412,1973,Contents,Burglary,11/25/2023,110105,110105,58,Approved,Y,N,All Risk,,,,,2011.22,57,,,,,,,,1
413,1209,Motor,Accidental Damage,1/22/2024,93502,14693,67,Pending,Y,Y,Contents,,,,,912.04,38,34,1,Y,Y,N,0,Driver meets policy requirements,0.1571
414,888,Building,Fire,6/9/2023,132322,132322,32,Approved,N,Y,Building,,,,,1797.55,23,,,,,,,,1
415,1961,Building,Water Damage,9/5/2024,140424,140424,57,Approved,N,N,Contents,,,,,1163.27,31,,,,,,,,1
416,1587,Motor,Weather,10/28/2024,134396,82892,74,Pending,Y,Y,Building,,,,,1364.56,82,67,0,Y,Y,N,0,Driver meets policy requirements,0.6168
417,864,All Risk,Theft,8/18/2023,64342,20246,82,Repudiated,N,N,Contents,,,,,2342.07,45,,,,,,,,0.3147
418,1313,All Risk,Travel Risk,8/13/2025,125191,125191,52,Approved,Y,N,All Risk,,,,,2191.14,81,,,,,,,,1
419,321,Building,Fire,4/8/2024,111520,111520,44,Approved,N,Y,Contents,,,,,1955.62,17,,,,,,,,1
420,565,All Risk,Fire,2/7/2025,128587,128587,55,Approved,Y,N,All Risk,,,,,2429.57,8,,,,,,,,1
421,454,All Risk,Travel Risk,8/10/2025,59375,59375,20,Approved,N,N,All Risk,,,,,1149.52,48,,,,,,,,1
422,1680,Building,Water Damage,2/17/2024,101357,85068,75,Repudiated,N,N,Motor,Open Driver,65,N,Business,1431.92,23,,,,,,,,0.8393
423,1924,Building,Storm,10/10/2023,43280,43280,30,Approved,Y,Y,All Risk,,,,,2443.18,73,,,,,,,,1
424,547,All Risk,Accidental Loss,8/4/2023,39709,25679,83,Repudiated,Y,Y,All Risk,,,,,616.5,88,,,,,,,,0.6467
425,1424,Contents,Water Damage,7/28/2025,41331,14247,80,Pending,Y,Y,Building,,,,,1406.6,86,,,,,,,,0.3447
426,283,Motor,Fire & Explosion,7/20/2023,24111,3815,87,Repudiated,Y,Y,Building,,,,,282.44,25,52,0,Y,Y,N,0,Driver meets policy requirements,0.1582
427,520,Motor,Fire & Explosion,3/30/2024,118917,67421,75,Repudiated,Y,N,Building,,,,,685.97,26,28,1,Y,Y,N,0,Driver meets policy requirements,0.567
428,73,Building,Flood,8/27/2024,9984,9578,74,Pending,Y,Y,Building,,,,,964.74,34,,,,,,,,0.9593
429,351,Contents,Fire,6/25/2025,33424,27920,77,Pending,N,Y,Motor,Open Driver,48,N,Private,269.13,82,,,,,,,,0.8353
430,752,Building,Malicious Damage,1/12/2024,15089,10264,76,Pending,Y,N,All Risk,,,,,403.43,15,,,,,,,,0.6802
431,414,Contents,Malicious Damage,8/14/2023,93242,93242,56,Approved,N,Y,Motor,Named Driver,48,N,Private,2113.47,29,,,,,,,,1
432,1007,All Risk,Accidental Loss,2/25/2024,62353,62353,27,Approved,Y,N,All Risk,,,,,2136.38,18,,,,,,,,1
433,739,Contents,Accidental Damage,11/17/2025,47078,47078,41,Approved,Y,N,Contents,,,,,500.41,25,,,,,,,,1
434,1845,All Risk,Travel Risk,6/27/2025,104637,104637,10,Approved,Y,N,Contents,,,,,2430.08,79,,,,,,,,1
435,1035,All Risk,Accidental Loss,8/31/2024,149910,47776,83,Repudiated,Y,N,All Risk,,,,,1087.79,63,,,,,,,,0.3187
436,1197,All Risk,Travel Risk,7/15/2023,139410,20364,95,Repudiated,N,N,Contents,,,,,1219.25,49,,,,,,,,0.1461
437,1705,Contents,Burglary,1/9/2024,121154,121154,36,Approved,Y,Y,All Risk,,,,,674.4,56,,,,,,,,1
438,1046,Motor,Accidental Damage,9/13/2025,70304,70304,42,Approved,N,Y,Contents,,,,,1131.69,24,62,15,Y,Y,N,0,Driver meets policy requirements,1
439,598,All Risk,Accidental Loss,2/27/2025,51117,14632,95,Repudiated,Y,N,All Risk,,,,,2234.24,91,,,,,,,,0.2862
440,1326,Contents,Water Damage,9/12/2023,59113,59113,38,Approved,Y,Y,Building,,,,,2258.68,56,,,,,,,,1
441,53,Motor,Glass Damage,11/20/2025,11099,11099,56,Approved,Y,Y,All Risk,,,,,2332.44,42,44,9,Y,Y,N,0,Driver meets policy requirements,1
442,1046,All Risk,Accidental Loss,2/21/2025,46786,46786,53,Approved,N,Y,Contents,,,,,1131.69,24,,,,,,,,1
443,153,Contents,Accidental Damage,7/7/2023,113683,29196,65,Repudiated,Y,N,Building,,,,,2395.86,52,,,,,,,,0.2568
444,723,Motor,Accidental Damage,10/11/2025,117204,37187,94,Repudiated,Y,N,Contents,,,,,1363.28,27,75,20,Y,Y,N,0,Driver meets policy requirements,0.3173
445,663,Motor,Fire & Explosion,5/30/2024,142323,14750,74,Pending,N,N,Building,,,,,1204.03,69,33,11,Y,Y,N,0,Driver meets policy requirements,0.1036
446,1951,All Risk,Theft,5/3/2024,109168,109168,60,Approved,N,Y,Building,,,,,1810.32,50,,,,,,,,1
447,61,Contents,Malicious Damage,1/30/2023,86670,40416,89,Repudiated,Y,N,Motor,Named Driver,55,N,Business,2021.26,75,,,,,,,,0.4663
448,772,Motor,Theft & Hijacking,11/13/2025,76193,76193,42,Approved,Y,N,All Risk,,,,,1078.52,59,39,14,Y,Y,N,0,Driver meets policy requirements,1
449,1335,Motor,Glass Damage,5/30/2023,75069,75069,17,Approved,N,N,All Risk,,,,,1937.11,36,72,33,Y,Y,N,0,Driver meets policy requirements,1
450,1993,Motor,Theft & Hijacking,7/13/2024,10550,0,79,Repudiated,N,Y,Motor,Open Driver,71,N,Private,785.16,19,77,23,Y,N,N,0,Invalid driver licence,0
451,371,Motor,Accidental Damage,12/22/2025,139349,0,71,Repudiated,Y,Y,Motor,Open Driver,70,N,Business,1692.29,62,62,12,Y,N,N,0,Invalid driver licence,0
452,243,Building,Flood,11/2/2023,145935,145935,33,Approved,N,N,Building,,,,,760.02,66,,,,,,,,1
453,126,Contents,Malicious Damage,9/10/2023,136408,136408,54,Approved,N,N,Contents,,,,,879.31,87,,,,,,,,1
454,1930,All Risk,Theft,3/6/2023,49247,12108,86,Repudiated,N,N,Motor,Open Driver,64,Y,Business,819.36,77,,,,,,,,0.2459
455,1274,Motor,Glass Damage,10/8/2024,8837,8837,21,Approved,Y,N,Contents,,,,,832.77,31,58,6,Y,Y,N,0,Driver meets policy requirements,1
456,1290,Contents,Water Damage,8/14/2025,106171,7860,62,Pending,Y,N,Contents,,,,,1711.47,92,,,,,,,,0.074
457,1817,All Risk,Accidental Loss,4/1/2025,127705,127705,48,Approved,Y,N,Building,,,,,1593.12,5,,,,,,,,1
458,1120,Motor,Glass Damage,10/13/2023,135396,135396,29,Approved,Y,N,Contents,,,,,1132.53,18,42,3,Y,Y,N,0,Driver meets policy requirements,1
459,1299,Motor,Theft & Hijacking,4/11/2025,66754,64254,50,Approved with Additional Excess,N,Y,Contents,,,,,1371,72,24,1,Y,Y,Y,2500,Eligible claim with additional excess: driver under 25 and licence held less than 2 years,0.9625
460,1264,Building,Storm,5/19/2024,147860,147860,38,Approved,N,Y,Building,,,,,1545.18,66,,,,,,,,1
461,1845,All Risk,Accidental Loss,1/23/2024,105090,105090,17,Approved,N,N,Contents,,,,,2430.08,79,,,,,,,,1
462,651,Motor,Accidental Damage,8/23/2023,91746,91746,24,Approved,N,Y,Contents,,,,,1537.17,53,35,3,Y,Y,N,0,Driver meets policy requirements,1
463,1929,All Risk,Accidental Loss,1/21/2024,108624,108624,28,Approved,Y,N,Motor,Named Driver,54,Y,Private,1154.89,21,,,,,,,,1
464,74,Building,Flood,10/12/2024,82196,82196,37,Approved,N,N,Contents,,,,,1421.83,94,,,,,,,,1
465,1354,Motor,Fire & Explosion,7/16/2024,30519,30519,11,Approved,Y,Y,All Risk,,,,,486.21,18,71,0,Y,Y,N,0,Driver meets policy requirements,1
466,1080,Contents,Burglary,4/22/2025,13817,9441,69,Repudiated,Y,Y,Contents,,,,,2268.86,10,,,,,,,,0.6833
467,314,Motor,Accidental Damage,4/19/2025,12676,12676,48,Approved,N,N,Building,,,,,1326.77,21,35,4,Y,Y,N,0,Driver meets policy requirements,1
468,1431,All Risk,Travel Risk,11/1/2025,88653,88653,36,Approved,N,Y,Building,,,,,431.27,21,,,,,,,,1
469,1403,All Risk,Accidental Loss,9/19/2025,114222,101711,94,Repudiated,N,Y,Building,,,,,1396.37,43,,,,,,,,0.8905
470,10,Contents,Water Damage,8/10/2023,139792,22769,93,Repudiated,N,Y,Contents,,,,,1937.78,41,,,,,,,,0.1629
471,893,Building,Fire,4/14/2024,54235,54235,53,Approved,N,Y,Building,,,,,1377.16,49,,,,,,,,1
472,1627,Contents,Water Damage,6/5/2024,19821,19821,21,Approved,N,Y,Building,,,,,905.17,59,,,,,,,,1
473,176,Building,Flood,2/16/2023,125780,125780,44,Approved,N,Y,Contents,,,,,2263.25,81,,,,,,,,1
474,472,All Risk,Accidental Loss,8/11/2025,142529,108053,83,Repudiated,Y,Y,Building,,,,,1275.54,40,,,,,,,,0.7581
475,1021,Contents,Malicious Damage,6/11/2024,58291,16407,77,Repudiated,N,N,Motor,Open Driver,39,Y,Business,1168.11,66,,,,,,,,0.2815
476,1184,Contents,Burglary,5/14/2023,40659,3225,66,Repudiated,Y,Y,Contents,,,,,1305.54,81,,,,,,,,0.0793
477,1048,Building,Storm,8/18/2024,93907,93907,45,Approved,N,Y,Motor,Open Driver,74,N,Business,741.19,88,,,,,,,,1
478,691,Building,Fire,8/20/2023,59481,59481,17,Approved,N,Y,Building,,,,,783.74,90,,,,,,,,1
479,1727,Contents,Water Damage,1/11/2023,116970,116970,29,Approved,N,Y,Contents,,,,,1576.73,14,,,,,,,,1
480,1525,Building,Flood,9/30/2024,121941,121941,19,Approved,Y,N,Building,,,,,745.48,95,,,,,,,,1
481,1321,Motor,Weather,11/11/2025,69385,0,59,Repudiated,N,Y,Motor,Open Driver,62,N,Business,768.27,78,60,0,Y,N,N,0,Invalid driver licence,0
482,1197,Contents,Accidental Damage,5/11/2024,71754,18724,87,Repudiated,N,N,Contents,,,,,1219.25,49,,,,,,,,0.2609
483,343,Motor,Theft & Hijacking,10/14/2023,51906,2193,87,Repudiated,Y,N,Building,,,,,1817.26,29,33,0,Y,Y,N,0,Driver meets policy requirements,0.0422
484,1832,Building,Storm,1/9/2023,27641,27641,13,Approved,Y,Y,Motor,Named Driver,41,Y,Business,1228.14,34,,,,,,,,1
485,430,Building,Fire,6/23/2023,10970,10970,13,Approved,Y,N,Contents,,,,,2172.22,81,,,,,,,,1
486,309,Contents,Water Damage,6/7/2023,122357,122357,27,Approved,Y,Y,Contents,,,,,1511.81,21,,,,,,,,1
487,565,Contents,Burglary,3/5/2024,61663,43051,90,Repudiated,Y,Y,All Risk,,,,,2429.57,8,,,,,,,,0.6982
488,267,Building,Flood,7/22/2024,144639,72014,78,Repudiated,N,Y,Motor,Open Driver,75,N,Business,1444.62,82,,,,,,,,0.4979
489,1051,All Risk,Accidental Loss,2/23/2024,19739,19739,38,Approved,N,N,Motor,Named Driver,55,N,Business,1277.33,5,,,,,,,,1
490,1749,All Risk,Accidental Loss,7/15/2023,110104,110104,21,Approved,Y,Y,Motor,Named Driver,58,N,Business,1567.25,94,,,,,,,,1
491,1953,Motor,Theft & Hijacking,12/17/2025,149594,149594,28,Approved,N,N,Motor,Open Driver,61,Y,Business,1468.77,44,60,0,Y,Y,N,0,Driver meets policy requirements,1
492,1407,Contents,Fire,11/2/2023,109802,109802,23,Approved,N,Y,All Risk,,,,,1167.9,87,,,,,,,,1
493,1298,Motor,Theft & Hijacking,12/12/2024,55871,55871,46,Approved,Y,N,Building,,,,,2201.1,48,36,1,Y,Y,N,0,Driver meets policy requirements,1
494,1456,Contents,Water Damage,12/22/2023,98600,98600,10,Approved,Y,Y,Contents,,,,,2072.03,7,,,,,,,,1
495,134,Building,Malicious Damage,11/19/2024,107995,55946,71,Pending,Y,N,Building,,,,,932.77,95,,,,,,,,0.518
496,1415,Building,Malicious Damage,3/15/2024,34877,34877,33,Approved,Y,Y,All Risk,,,,,836.73,80,,,,,,,,1
497,65,Contents,Accidental Damage,7/8/2025,145961,145961,22,Approved,Y,Y,Building,,,,,1620.91,89,,,,,,,,1
498,1335,Motor,Accidental Damage,3/28/2023,99317,65364,74,Pending,Y,N,All Risk,,,,,1937.11,36,57,33,Y,Y,N,0,Driver meets policy requirements,0.6581
499,1296,All Risk,Travel Risk,8/5/2024,117060,5298,62,Pending,Y,Y,Motor,Named Driver,51,N,Business,1009.28,19,,,,,,,,0.0453
500,87,Contents,Fire,8/10/2023,10648,5218,68,Pending,N,N,Building,,,,,1622.5,83,,,,,,,,0.49
501,616,Motor,Theft & Hijacking,2/28/2023,134676,134676,56,Approved,N,N,All Risk,,,,,961.69,6,37,17,Y,Y,N,0,Driver meets policy requirements,1
502,1050,Motor,Glass Damage,12/3/2024,145077,96709,70,Pending,Y,Y,Motor,Open Driver,69,Y,Business,663.01,56,72,16,Y,Y,N,0,Driver meets policy requirements,0.6666
503,1691,Motor,Theft & Hijacking,9/27/2023,10696,10696,15,Approved,N,Y,Motor,Open Driver,72,Y,Business,605.45,43,69,44,Y,Y,N,0,Driver meets policy requirements,1
504,1004,All Risk,Theft,9/13/2024,111236,111236,53,Approved,Y,N,All Risk,,,,,1344.67,95,,,,,,,,1
505,1824,All Risk,Fire,8/2/2024,120085,120085,36,Approved,N,Y,Building,,,,,554.26,43,,,,,,,,1
506,956,Building,Water Damage,11/30/2024,5152,3542,74,Pending,N,Y,Contents,,,,,434.55,20,,,,,,,,0.6875
507,524,Contents,Water Damage,9/27/2025,94604,94604,60,Approved,N,N,Motor,Open Driver,71,Y,Private,2393.52,68,,,,,,,,1
508,1051,Contents,Burglary,4/22/2023,86256,75831,91,Repudiated,Y,N,Motor,Named Driver,55,N,Business,1277.33,5,,,,,,,,0.8791
509,638,Contents,Fire,8/25/2023,37687,37687,27,Approved,N,Y,Motor,Open Driver,40,Y,Business,2216.57,33,,,,,,,,1
510,1619,Motor,Weather,11/8/2025,83320,83320,27,Approved,Y,N,Motor,Open Driver,64,Y,Private,2476.82,28,56,0,Y,Y,N,0,Driver meets policy requirements,1
511,875,Building,Flood,6/25/2024,121035,117379,85,Repudiated,N,Y,Motor,Open Driver,24,Y,Private,409.98,93,,,,,,,,0.9698
512,153,Contents,Malicious Damage,10/9/2024,133777,133777,14,Approved,Y,Y,Building,,,,,2395.86,52,,,,,,,,1
513,1794,Motor,Weather,1/17/2023,44960,0,27,Repudiated,N,Y,Motor,Named Driver,65,N,Private,2179.63,46,57,8,Y,N,N,0,Invalid driver licence,0
514,1393,Building,Flood,5/4/2024,70085,26410,71,Repudiated,Y,N,Contents,,,,,2106.17,52,,,,,,,,0.3768
515,172,Contents,Water Damage,10/25/2024,108253,108253,28,Approved,Y,Y,Motor,Open Driver,22,Y,Business,2414.42,31,,,,,,,,1
516,1842,Building,Storm,1/27/2024,85020,85020,32,Approved,Y,N,Building,,,,,1482.88,66,,,,,,,,1
517,1807,Motor,Fire & Explosion,7/14/2025,31729,31729,26,Approved,N,N,All Risk,,,,,588.7,23,48,30,Y,Y,N,0,Driver meets policy requirements,1
518,911,Building,Storm,6/13/2023,67777,67777,45,Approved,Y,N,All Risk,,,,,1140.3,61,,,,,,,,1
519,1330,Motor,Fire & Explosion,11/18/2023,110263,96842,84,Repudiated,N,N,Building,,,,,804.13,60,31,0,Y,Y,N,0,Driver meets policy requirements,0.8783
520,725,Motor,Weather,7/4/2025,14586,9245,85,Repudiated,N,N,All Risk,,,,,1966.77,76,22,3,Y,Y,N,0,Driver meets policy requirements,0.6338
521,767,Building,Storm,1/4/2025,126037,20102,80,Repudiated,Y,Y,All Risk,,,,,857.5,81,,,,,,,,0.1595
522,811,All Risk,Accidental Loss,10/14/2025,91039,91039,26,Approved,Y,N,Building,,,,,2335.07,5,,,,,,,,1
523,1841,Building,Fire,12/7/2025,7837,5641,66,Pending,Y,Y,Contents,,,,,503.6,69,,,,,,,,0.7198
524,540,Building,Malicious Damage,6/30/2023,28477,28477,58,Approved,N,N,Building,,,,,2313.13,90,,,,,,,,1
525,245,Motor,Glass Damage,11/20/2023,124348,124348,30,Approved,Y,N,All Risk,,,,,1886.3,95,54,36,Y,Y,N,0,Driver meets policy requirements,1
526,710,Building,Flood,6/13/2024,104206,104206,43,Approved,N,N,Building,,,,,1207.77,59,,,,,,,,1
527,282,Motor,Accidental Damage,1/6/2024,48735,48735,35,Approved,N,N,All Risk,,,,,501.62,49,74,40,Y,Y,N,0,Driver meets policy requirements,1
528,727,Motor,Fire & Explosion,5/15/2023,102765,102765,51,Approved,N,N,All Risk,,,,,1365.34,7,49,3,Y,Y,N,0,Driver meets policy requirements,1
529,27,Motor,Theft & Hijacking,5/16/2024,66835,66835,34,Approved,N,Y,All Risk,,,,,1508.47,12,69,3,Y,Y,N,0,Driver meets policy requirements,1
530,1306,Motor,Theft & Hijacking,12/30/2024,132395,0,91,Repudiated,Y,N,Motor,Open Driver,48,N,Business,1963.02,76,46,16,Y,N,N,0,Invalid driver licence,0
531,1439,All Risk,Theft,11/21/2025,92674,63078,74,Repudiated,N,N,Contents,,,,,2345.64,29,,,,,,,,0.6806
532,1818,Building,Fire,9/29/2023,24806,21077,87,Repudiated,N,N,Motor,Open Driver,63,Y,Private,1647.72,45,,,,,,,,0.8497
533,1459,Motor,Glass Damage,2/19/2024,141904,141904,40,Approved,N,N,All Risk,,,,,2496.82,75,46,0,Y,Y,N,0,Driver meets policy requirements,1
534,1487,Motor,Glass Damage,5/14/2024,60754,28353,80,Pending,Y,N,Building,,,,,2167.95,45,65,1,Y,Y,N,0,Driver meets policy requirements,0.4667
535,1209,Contents,Burglary,4/25/2025,107297,15994,68,Pending,Y,N,Contents,,,,,912.04,38,,,,,,,,0.1491
536,789,All Risk,Fire,1/3/2023,125105,125105,25,Approved,N,Y,Building,,,,,1638.73,37,,,,,,,,1
537,1587,All Risk,Accidental Loss,6/16/2024,62462,62462,25,Approved,N,Y,Building,,,,,1364.56,82,,,,,,,,1
538,1718,Motor,Weather,9/29/2023,62765,0,48,Repudiated,Y,N,Motor,Open Driver,59,N,Business,346.98,51,58,34,Y,N,N,0,Invalid driver licence,0
539,1165,Motor,Glass Damage,8/25/2024,108596,72678,62,Pending,N,Y,Building,,,,,1456.56,38,64,1,Y,Y,N,0,Driver meets policy requirements,0.6693
540,1270,Contents,Malicious Damage,10/23/2023,93311,93311,56,Approved,N,N,Motor,Open Driver,75,Y,Business,588.11,39,,,,,,,,1
541,1007,Motor,Glass Damage,9/8/2023,110700,110700,53,Approved,N,Y,All Risk,,,,,2136.38,18,66,4,Y,Y,N,0,Driver meets policy requirements,1
542,1542,Building,Storm,5/15/2025,91956,91956,45,Approved,N,N,All Risk,,,,,607.98,8,,,,,,,,1
543,404,Building,Storm,1/27/2025,148166,93819,77,Repudiated,Y,Y,Contents,,,,,1998.42,92,,,,,,,,0.6332
544,221,Motor,Theft & Hijacking,9/21/2025,145127,145127,18,Approved,N,Y,All Risk,,,,,507.27,72,47,3,Y,Y,N,0,Driver meets policy requirements,1
545,884,Contents,Accidental Damage,6/26/2024,113138,49435,94,Repudiated,N,Y,Building,,,,,2020.07,79,,,,,,,,0.4369
546,582,Building,Water Damage,3/25/2023,43054,43054,23,Approved,N,N,Motor,Named Driver,47,Y,Business,732.6,21,,,,,,,,1
547,330,Building,Storm,11/11/2025,127915,118593,62,Repudiated,N,Y,Motor,Open Driver,51,Y,Business,391.61,92,,,,,,,,0.9271
548,84,Motor,Weather,3/9/2025,62095,62095,34,Approved,N,Y,Building,,,,,905.93,70,62,34,Y,Y,N,0,Driver meets policy requirements,1
549,244,Contents,Burglary,1/9/2024,23707,23707,34,Approved,Y,Y,Motor,Named Driver,65,Y,Private,2259.89,82,,,,,,,,1
550,436,Building,Malicious Damage,10/2/2025,88257,88257,39,Approved,Y,Y,Contents,,,,,1411.33,36,,,,,,,,1
551,1455,Motor,Theft & Hijacking,3/7/2023,48988,0,60,Repudiated,Y,N,Motor,Open Driver,54,N,Private,1430.78,17,51,6,Y,N,N,0,Invalid driver licence,0
552,654,All Risk,Accidental Loss,12/28/2025,27001,27001,15,Approved,N,Y,All Risk,,,,,1708.92,38,,,,,,,,1
553,449,Contents,Malicious Damage,1/11/2023,145508,128360,93,Repudiated,Y,Y,Motor,Open Driver,70,Y,Private,1724.37,78,,,,,,,,0.8822
554,1408,Contents,Malicious Damage,2/23/2025,74282,21026,78,Repudiated,Y,Y,Building,,,,,2157.36,27,,,,,,,,0.2831
555,1530,Building,Water Damage,5/24/2025,78538,78538,33,Approved,N,N,Building,,,,,813.26,59,,,,,,,,1
556,248,Building,Storm,8/7/2025,88095,66335,83,Repudiated,N,N,Motor,Open Driver,37,Y,Private,2305.58,60,,,,,,,,0.753
557,984,Motor,Glass Damage,4/28/2024,128859,128859,24,Approved,N,N,Contents,,,,,575.92,92,55,0,Y,Y,N,0,Driver meets policy requirements,1
558,1057,Contents,Burglary,11/27/2025,80430,80430,26,Approved,Y,N,All Risk,,,,,541.61,49,,,,,,,,1
559,1025,Motor,Glass Damage,2/2/2025,77196,47933,62,Pending,N,Y,All Risk,,,,,909.12,9,33,0,Y,Y,N,0,Driver meets policy requirements,0.6209
560,1368,Contents,Malicious Damage,1/3/2025,62117,62117,14,Approved,N,Y,Contents,,,,,888.66,86,,,,,,,,1
561,1149,Building,Flood,4/1/2025,132418,132418,15,Approved,N,Y,Contents,,,,,1959.64,69,,,,,,,,1
562,285,Building,Water Damage,9/27/2024,137190,137190,24,Approved,N,Y,Contents,,,,,2138.16,90,,,,,,,,1
563,1136,Contents,Accidental Damage,8/20/2025,20211,20211,20,Approved,N,N,Building,,,,,560.44,56,,,,,,,,1
564,1094,Contents,Burglary,10/21/2024,5698,5698,26,Approved,Y,N,Contents,,,,,2166.57,44,,,,,,,,1
565,1756,Building,Storm,10/18/2025,52717,52717,16,Approved,Y,N,Motor,Named Driver,41,Y,Business,1723.68,27,,,,,,,,1
566,1059,Building,Fire,4/24/2023,71353,71353,60,Approved,Y,Y,Contents,,,,,2178.13,60,,,,,,,,1
567,1444,Building,Flood,3/29/2023,64029,64029,30,Approved,Y,Y,Contents,,,,,638.68,80,,,,,,,,1
568,853,Building,Water Damage,11/25/2024,85235,85235,49,Approved,Y,Y,Motor,Open Driver,66,Y,Business,1773.99,19,,,,,,,,1
569,1780,All Risk,Travel Risk,7/19/2025,103387,93788,81,Repudiated,Y,N,Building,,,,,2471.95,31,,,,,,,,0.9072
570,348,Motor,Theft & Hijacking,2/17/2025,80172,80172,43,Approved,Y,Y,Building,,,,,1201.08,77,50,2,Y,Y,N,0,Driver meets policy requirements,1
571,1552,Motor,Accidental Damage,12/29/2024,96176,0,35,Repudiated,Y,N,Motor,Named Driver,19,N,Business,2190.8,80,23,0,Y,N,Y,2500,Invalid driver licence,0
572,248,Building,Fire,4/9/2023,138224,93058,64,Repudiated,Y,N,Motor,Open Driver,37,Y,Private,2305.58,60,,,,,,,,0.6732
573,668,Building,Flood,3/3/2023,40178,23321,88,Repudiated,Y,N,Building,,,,,1821.81,32,,,,,,,,0.5804
574,868,All Risk,Accidental Loss,11/13/2024,124984,124984,35,Approved,N,N,All Risk,,,,,306.6,61,,,,,,,,1
575,670,Motor,Fire & Explosion,1/6/2024,38614,38614,10,Approved,Y,N,Motor,Named Driver,32,Y,Private,2472.16,47,35,2,Y,Y,N,0,Driver meets policy requirements,1
576,977,Building,Storm,5/20/2024,12217,3473,76,Repudiated,Y,N,Contents,,,,,1574.28,69,,,,,,,,0.2843
577,1216,Building,Flood,2/7/2024,43453,43453,26,Approved,N,N,Contents,,,,,950.53,55,,,,,,,,1
578,968,Contents,Water Damage,5/18/2024,2661,1186,89,Repudiated,Y,Y,Contents,,,,,462.84,86,,,,,,,,0.4457
579,116,Contents,Water Damage,9/2/2025,147709,147709,28,Approved,Y,Y,Contents,,,,,482.66,41,,,,,,,,1
580,1857,All Risk,Accidental Loss,7/31/2024,38838,14966,66,Pending,Y,Y,Motor,Open Driver,70,N,Business,1863.48,45,,,,,,,,0.3853
581,1419,Building,Flood,8/3/2025,89753,89753,27,Approved,Y,N,Contents,,,,,1494.99,67,,,,,,,,1
582,759,Contents,Water Damage,12/21/2024,89198,89198,10,Approved,Y,N,All Risk,,,,,2278.31,27,,,,,,,,1
583,1499,All Risk,Fire,7/18/2023,148122,148122,12,Approved,Y,N,All Risk,,,,,1125.21,91,,,,,,,,1
584,427,All Risk,Theft,12/20/2023,45078,12941,66,Pending,N,Y,Motor,Named Driver,74,N,Private,768.03,9,,,,,,,,0.2871
585,703,Contents,Accidental Damage,3/27/2025,128056,128056,36,Approved,N,Y,Contents,,,,,599.05,11,,,,,,,,1
586,69,All Risk,Theft,8/9/2024,38682,38682,34,Approved,N,N,Contents,,,,,1986.85,85,,,,,,,,1
587,287,All Risk,Travel Risk,6/28/2023,49392,15931,78,Repudiated,N,Y,Contents,,,,,1294.69,71,,,,,,,,0.3225
588,1649,Contents,Water Damage,7/12/2024,47340,36484,75,Pending,N,N,Contents,,,,,268.85,13,,,,,,,,0.7707
589,1500,Building,Malicious Damage,12/11/2023,131319,7799,75,Pending,Y,Y,Building,,,,,585.58,9,,,,,,,,0.0594
590,1434,Motor,Glass Damage,4/3/2024,51091,51091,42,Approved,N,N,Building,,,,,2451.87,58,49,22,Y,Y,N,0,Driver meets policy requirements,1
591,1936,Building,Fire,5/16/2024,122050,120616,79,Pending,N,N,All Risk,,,,,2347.66,38,,,,,,,,0.9883
592,134,Motor,Accidental Damage,8/14/2025,28198,12117,83,Repudiated,N,N,Building,,,,,932.77,95,73,11,Y,Y,N,0,Driver meets policy requirements,0.4297
593,428,Building,Storm,1/24/2024,147369,147369,56,Approved,Y,N,Contents,,,,,1412.73,12,,,,,,,,1
594,1442,Contents,Fire,5/14/2023,113687,113687,26,Approved,Y,N,Building,,,,,2171.95,68,,,,,,,,1
595,626,All Risk,Fire,3/8/2023,95709,1782,62,Repudiated,N,Y,Building,,,,,1146.44,80,,,,,,,,0.0186
596,412,Contents,Malicious Damage,3/11/2024,126168,126168,27,Approved,Y,Y,Motor,Open Driver,18,N,Private,982.79,74,,,,,,,,1
597,488,All Risk,Travel Risk,11/6/2024,70222,60839,84,Repudiated,N,N,Contents,,,,,2018.11,26,,,,,,,,0.8664
598,1330,Building,Water Damage,11/19/2023,93652,93652,42,Approved,N,Y,Building,,,,,804.13,60,,,,,,,,1
599,1772,Building,Fire,1/16/2024,128182,52825,90,Repudiated,Y,Y,Motor,Named Driver,64,Y,Private,2333.34,80,,,,,,,,0.4121
600,184,All Risk,Fire,7/27/2025,11862,11862,45,Approved,Y,N,Motor,Named Driver,51,N,Business,1190.07,69,,,,,,,,1
601,1857,Contents,Burglary,10/29/2025,83664,24867,65,Pending,Y,Y,Motor,Open Driver,70,N,Business,1863.48,45,,,,,,,,0.2972
602,1283,Building,Malicious Damage,3/20/2024,104177,104177,24,Approved,N,Y,Building,,,,,1583.02,73,,,,,,,,1
603,355,All Risk,Fire,2/11/2024,113592,113592,49,Approved,N,Y,All Risk,,,,,593.9,94,,,,,,,,1
604,1147,Contents,Malicious Damage,12/24/2025,14678,1421,92,Repudiated,N,N,All Risk,,,,,1501.12,45,,,,,,,,0.0968
605,187,Contents,Water Damage,5/15/2023,7992,7992,25,Approved,N,Y,All Risk,,,,,1309.77,26,,,,,,,,1
606,1887,Contents,Accidental Damage,12/31/2023,4322,1510,95,Repudiated,Y,Y,All Risk,,,,,667.83,67,,,,,,,,0.3494
607,784,Motor,Fire & Explosion,5/10/2023,42870,42870,28,Approved,Y,N,Building,,,,,2057.95,71,70,45,Y,Y,N,0,Driver meets policy requirements,1
608,404,Contents,Water Damage,3/8/2024,78168,78168,47,Approved,N,Y,Contents,,,,,1998.42,92,,,,,,,,1
609,197,Building,Fire,4/28/2025,83138,83138,19,Approved,N,N,Building,,,,,2048.61,38,,,,,,,,1
610,758,Motor,Glass Damage,5/12/2023,32003,0,66,Repudiated,Y,N,Motor,Named Driver,37,N,Private,1434.13,35,43,4,N,N,N,0,Invalid driver licence,0
611,1291,Building,Water Damage,7/5/2025,27200,27200,38,Approved,Y,Y,Motor,Open Driver,69,Y,Private,1322.23,35,,,,,,,,1
612,1587,Building,Fire,10/5/2024,142594,142594,31,Approved,N,Y,Building,,,,,1364.56,82,,,,,,,,1
613,749,Motor,Accidental Damage,9/7/2025,119216,32929,70,Pending,N,N,Motor,Named Driver,62,Y,Private,2369.87,38,60,24,Y,Y,N,0,Driver meets policy requirements,0.2762
614,1902,Contents,Burglary,12/16/2025,131236,131236,49,Approved,Y,Y,Building,,,,,826.3,5,,,,,,,,1
615,1680,All Risk,Theft,1/2/2025,35752,7948,65,Repudiated,N,N,Motor,Open Driver,65,N,Business,1431.92,23,,,,,,,,0.2223
616,168,All Risk,Theft,9/3/2025,68634,46568,75,Pending,Y,N,All Risk,,,,,2379.82,73,,,,,,,,0.6785
617,1075,Motor,Fire & Explosion,3/23/2025,149514,149514,18,Approved,Y,N,Building,,,,,2405.59,56,49,28,Y,Y,N,0,Driver meets policy requirements,1
618,826,Motor,Glass Damage,3/2/2023,14490,0,14,Repudiated,N,N,Motor,Named Driver,41,N,Business,854.34,12,47,8,Y,N,N,0,Invalid driver licence,0
619,1822,All Risk,Travel Risk,10/27/2025,120964,69792,91,Repudiated,Y,Y,Building,,,,,2143.62,7,,,,,,,,0.577
620,1592,Contents,Burglary,10/6/2024,97174,97174,46,Approved,Y,Y,Building,,,,,467.6,15,,,,,,,,1
621,344,Contents,Burglary,12/24/2023,105112,105112,26,Approved,Y,Y,Contents,,,,,488.4,11,,,,,,,,1
622,1901,Contents,Accidental Damage,12/17/2025,115187,100967,68,Repudiated,Y,N,All Risk,,,,,2411.52,63,,,,,,,,0.8765
623,767,All Risk,Fire,5/19/2024,120296,120296,50,Approved,Y,N,All Risk,,,,,857.5,81,,,,,,,,1
624,1555,Contents,Water Damage,2/12/2025,116831,116831,56,Approved,N,Y,Contents,,,,,282.57,16,,,,,,,,1
625,231,Building,Water Damage,10/27/2023,96204,84480,62,Repudiated,N,Y,Contents,,,,,1667.57,7,,,,,,,,0.8781
626,762,Building,Water Damage,9/21/2024,102900,102900,27,Approved,N,N,Motor,Named Driver,71,Y,Private,1961.95,7,,,,,,,,1
627,85,All Risk,Theft,12/25/2025,16650,16650,44,Approved,N,Y,All Risk,,,,,673.58,52,,,,,,,,1
628,931,Building,Fire,4/28/2025,132712,110641,85,Repudiated,N,N,Building,,,,,1653.12,80,,,,,,,,0.8337
629,1224,Contents,Burglary,4/11/2023,128107,127340,76,Pending,Y,N,Contents,,,,,2320.15,36,,,,,,,,0.994
630,971,Motor,Accidental Damage,9/6/2023,109804,109804,37,Approved,Y,N,Building,,,,,1242.44,69,48,1,Y,Y,N,0,Driver meets policy requirements,1
631,142,All Risk,Accidental Loss,10/30/2025,111949,111949,39,Approved,Y,Y,Motor,Named Driver,58,Y,Business,589.8,26,,,,,,,,1
632,1441,Motor,Theft & Hijacking,10/2/2024,125195,102690,81,Repudiated,Y,N,Motor,Named Driver,41,Y,Private,615.59,68,47,25,Y,Y,N,0,Driver meets policy requirements,0.8202
633,1924,Contents,Water Damage,9/17/2023,120297,62295,76,Pending,Y,N,All Risk,,,,,2443.18,73,,,,,,,,0.5178
634,770,Contents,Burglary,4/30/2024,91980,41220,91,Repudiated,Y,N,All Risk,,,,,2493.13,70,,,,,,,,0.4481
635,1516,Building,Malicious Damage,6/2/2024,70425,9425,69,Pending,Y,Y,All Risk,,,,,1704.05,12,,,,,,,,0.1338
636,1318,Contents,Fire,6/23/2024,38821,38821,37,Approved,Y,Y,Contents,,,,,2341.39,87,,,,,,,,1
637,1477,Contents,Accidental Damage,7/23/2025,149141,149141,49,Approved,Y,Y,Contents,,,,,499.29,81,,,,,,,,1
638,1896,All Risk,Accidental Loss,10/4/2024,109696,109696,44,Approved,Y,N,Contents,,,,,1716.16,72,,,,,,,,1
639,1570,Building,Flood,6/17/2024,30211,8446,71,Repudiated,Y,N,Contents,,,,,2132.19,53,,,,,,,,0.2796
640,218,All Risk,Fire,8/1/2025,30706,30706,26,Approved,N,Y,Motor,Open Driver,72,N,Private,2427.41,62,,,,,,,,1
641,363,Contents,Malicious Damage,3/4/2023,21051,5668,63,Pending,N,Y,All Risk,,,,,1428.57,49,,,,,,,,0.2693
642,609,Contents,Fire,6/3/2024,98011,40733,92,Repudiated,Y,Y,Building,,,,,1918.58,81,,,,,,,,0.4156
643,327,Contents,Burglary,2/20/2024,148711,148711,27,Approved,Y,Y,Building,,,,,2469.13,56,,,,,,,,1
644,39,Contents,Accidental Damage,1/15/2024,76692,76692,22,Approved,N,Y,All Risk,,,,,2022.93,45,,,,,,,,1
645,1633,Building,Fire,1/14/2024,122158,122158,34,Approved,Y,Y,Motor,Named Driver,47,N,Business,773.71,10,,,,,,,,1
646,1704,Building,Malicious Damage,4/21/2025,143384,143384,48,Approved,Y,Y,Building,,,,,673.84,33,,,,,,,,1
647,270,Contents,Accidental Damage,10/18/2024,101962,39040,83,Repudiated,N,N,Motor,Open Driver,43,N,Private,1773.45,94,,,,,,,,0.3829
648,1122,Building,Fire,7/13/2024,5397,5397,16,Approved,N,Y,All Risk,,,,,1612.25,65,,,,,,,,1
649,337,All Risk,Theft,11/29/2025,35823,16237,61,Repudiated,N,Y,Contents,,,,,1623.78,9,,,,,,,,0.4533
650,1022,Contents,Malicious Damage,10/25/2023,93122,56082,65,Pending,Y,Y,Building,,,,,1773.15,91,,,,,,,,0.6022
651,1814,Building,Malicious Damage,4/24/2025,87628,87628,12,Approved,N,N,Motor,Named Driver,61,N,Business,1824.6,50,,,,,,,,1
652,1820,Building,Malicious Damage,3/10/2024,51876,1193,85,Repudiated,N,N,Motor,Named Driver,74,N,Business,2485.14,90,,,,,,,,0.023
653,1978,Motor,Theft & Hijacking,10/11/2024,115500,49069,86,Repudiated,N,Y,Contents,,,,,2268.87,24,42,0,Y,Y,N,0,Driver meets policy requirements,0.4248
654,1180,All Risk,Accidental Loss,3/19/2025,55709,55709,25,Approved,Y,Y,Building,,,,,762.67,52,,,,,,,,1
655,392,Motor,Fire & Explosion,1/15/2025,107063,107063,34,Approved,Y,Y,All Risk,,,,,253.14,57,39,5,Y,Y,N,0,Driver meets policy requirements,1
656,349,Contents,Burglary,9/7/2025,54674,54674,47,Approved,Y,Y,All Risk,,,,,976.2,28,,,,,,,,1
657,380,Building,Water Damage,11/17/2024,3913,3871,76,Repudiated,N,Y,Building,,,,,1795.17,78,,,,,,,,0.9893
658,1083,All Risk,Accidental Loss,3/2/2025,61599,61599,10,Approved,N,Y,All Risk,,,,,980.19,43,,,,,,,,1
659,1305,All Risk,Theft,8/19/2023,7973,4167,78,Pending,Y,N,Contents,,,,,2283.57,62,,,,,,,,0.5226
660,562,All Risk,Travel Risk,1/18/2023,35702,3175,75,Repudiated,Y,N,Motor,Named Driver,20,N,Private,540.55,57,,,,,,,,0.0889
661,1563,Building,Water Damage,4/14/2025,60685,60685,60,Approved,Y,Y,Motor,Open Driver,72,Y,Business,1932.54,17,,,,,,,,1
662,332,Contents,Fire,11/5/2024,19751,19751,43,Approved,Y,N,All Risk,,,,,2114.64,52,,,,,,,,1
663,191,Motor,Fire & Explosion,10/9/2024,62668,0,26,Repudiated,N,N,Motor,Open Driver,35,N,Business,1208.77,71,30,1,Y,N,N,0,Invalid driver licence,0
664,218,Building,Water Damage,6/22/2023,30613,30613,25,Approved,Y,Y,Motor,Open Driver,72,N,Private,2427.41,62,,,,,,,,1
665,1237,Contents,Burglary,6/21/2024,50828,50828,43,Approved,Y,Y,Building,,,,,1671.35,39,,,,,,,,1
666,112,Motor,Fire & Explosion,4/8/2023,66256,0,30,Repudiated,N,Y,Motor,Open Driver,34,N,Private,2427.77,91,32,1,Y,N,N,0,Invalid driver licence,0
667,1498,Contents,Water Damage,11/18/2024,127918,127918,34,Approved,Y,Y,Contents,,,,,518.39,89,,,,,,,,1
668,38,Motor,Weather,10/24/2024,17427,7311,83,Repudiated,N,Y,Building,,,,,2384.82,95,21,0,Y,Y,Y,2500,Eligible claim with additional excess: driver under 25 and licence held less than 2 years,0.4195
669,302,Contents,Malicious Damage,10/12/2025,125494,73252,68,Repudiated,Y,N,Building,,,,,944.16,24,,,,,,,,0.5837
670,1601,All Risk,Fire,12/12/2025,123218,44794,91,Repudiated,Y,N,Building,,,,,1964.59,92,,,,,,,,0.3635
671,437,Contents,Fire,6/5/2025,99068,99068,18,Approved,Y,N,All Risk,,,,,725.43,69,,,,,,,,1
672,268,All Risk,Accidental Loss,5/5/2025,104727,104727,39,Approved,N,N,Building,,,,,518.38,56,,,,,,,,1
673,546,Motor,Fire & Explosion,8/4/2023,140323,137823,12,Approved with Additional Excess,Y,N,Building,,,,,1358.61,86,18,0,Y,Y,Y,2500,Eligible claim with additional excess: driver under 25 and licence held less than 2 years,0.9822
674,882,Building,Storm,11/20/2023,119476,119476,15,Approved,Y,N,Contents,,,,,892.16,91,,,,,,,,1
675,1215,Building,Malicious Damage,8/15/2024,65778,65778,54,Approved,Y,Y,All Risk,,,,,1400.11,57,,,,,,,,1
676,659,All Risk,Travel Risk,8/29/2024,127682,1003,63,Repudiated,N,Y,Motor,Open Driver,57,Y,Business,339.56,42,,,,,,,,0.0079
677,606,Building,Fire,8/23/2025,133791,133791,50,Approved,Y,Y,All Risk,,,,,574.54,23,,,,,,,,1
678,1032,Motor,Theft & Hijacking,11/6/2024,147593,0,62,Repudiated,Y,Y,Motor,Open Driver,50,N,Private,885.71,6,57,2,Y,N,N,0,Invalid driver licence,0
679,1822,All Risk,Theft,8/27/2024,142150,142150,43,Approved,Y,N,Building,,,,,2143.62,7,,,,,,,,1
680,785,Building,Flood,9/10/2023,13133,13133,54,Approved,Y,N,All Risk,,,,,460.31,40,,,,,,,,1
681,844,Contents,Accidental Damage,6/12/2024,60742,47228,66,Repudiated,N,Y,Contents,,,,,2005.4,23,,,,,,,,0.7775
682,1862,Contents,Fire,2/10/2023,125914,125914,20,Approved,Y,Y,Motor,Named Driver,51,N,Business,1580.8,34,,,,,,,,1
683,995,Contents,Burglary,8/19/2025,131639,64448,72,Repudiated,Y,N,Building,,,,,690.73,20,,,,,,,,0.4896
684,1588,All Risk,Fire,1/31/2023,74963,45657,65,Pending,N,Y,All Risk,,,,,1138.79,87,,,,,,,,0.6091
685,1050,Building,Water Damage,7/24/2023,42607,3468,69,Pending,N,N,Motor,Open Driver,69,Y,Business,663.01,56,,,,,,,,0.0814
686,1404,All Risk,Travel Risk,4/14/2025,14722,14722,43,Approved,N,Y,Contents,,,,,796.02,21,,,,,,,,1
687,16,Building,Storm,2/4/2024,137229,30050,91,Repudiated,Y,N,Motor,Named Driver,60,Y,Private,1784.35,18,,,,,,,,0.219
688,39,Contents,Accidental Damage,12/18/2024,47872,47872,44,Approved,N,Y,All Risk,,,,,2022.93,45,,,,,,,,1
689,757,Contents,Malicious Damage,10/28/2023,104213,74380,94,Repudiated,Y,N,All Risk,,,,,1536.88,73,,,,,,,,0.7137
690,1048,Building,Malicious Damage,10/10/2023,82120,26970,90,Repudiated,Y,N,Motor,Open Driver,74,N,Business,741.19,88,,,,,,,,0.3284
691,957,Motor,Fire & Explosion,4/21/2023,77280,77280,26,Approved,N,N,Contents,,,,,581.76,22,70,29,Y,Y,N,0,Driver meets policy requirements,1
692,337,Building,Flood,7/23/2023,119256,60514,71,Pending,N,Y,Contents,,,,,1623.78,9,,,,,,,,0.5074
693,723,Contents,Malicious Damage,5/17/2024,60256,49028,93,Repudiated,Y,Y,Contents,,,,,1363.28,27,,,,,,,,0.8137
694,156,All Risk,Fire,12/26/2024,70982,64028,76,Repudiated,N,N,Contents,,,,,782.78,24,,,,,,,,0.902
695,259,Building,Water Damage,12/29/2023,35906,35906,41,Approved,Y,N,Motor,Named Driver,39,Y,Private,1041.66,24,,,,,,,,1
696,563,Contents,Accidental Damage,10/23/2023,138545,138545,37,Approved,N,Y,Building,,,,,1350.17,31,,,,,,,,1
697,1205,Motor,Theft & Hijacking,12/21/2023,121822,0,76,Repudiated,N,N,Motor,Open Driver,34,N,Private,481.13,55,35,0,Y,N,N,0,Invalid driver licence,0
698,264,Contents,Fire,6/7/2025,72541,17037,86,Repudiated,Y,Y,Motor,Named Driver,68,Y,Business,1482.61,49,,,,,,,,0.2349
699,841,Building,Flood,2/13/2024,115553,115553,25,Approved,N,N,Motor,Open Driver,55,N,Private,1131.47,95,,,,,,,,1
700,891,Contents,Malicious Damage,2/23/2025,92351,92351,32,Approved,N,N,Motor,Open Driver,18,Y,Business,2412.06,53,,,,,,,,1
701,1373,All Risk,Travel Risk,7/17/2023,110068,17835,81,Repudiated,N,Y,All Risk,,,,,1875.38,24,,,,,,,,0.162
702,883,Motor,Glass Damage,5/17/2025,117480,117480,54,Approved,N,Y,Motor,Open Driver,54,Y,Business,2125.64,80,51,0,Y,Y,N,0,Driver meets policy requirements,1
703,1267,Building,Storm,10/12/2025,77679,68691,65,Repudiated,Y,Y,Contents,,,,,1161.98,91,,,,,,,,0.8843
704,543,Contents,Burglary,8/6/2024,74202,74202,54,Approved,Y,N,Contents,,,,,2035.85,5,,,,,,,,1
705,529,Contents,Burglary,3/16/2023,92413,3804,94,Repudiated,Y,Y,All Risk,,,,,1890,29,,,,,,,,0.0412
706,1575,Contents,Malicious Damage,11/18/2025,62521,62521,49,Approved,Y,Y,Motor,Named Driver,38,Y,Business,1357.2,78,,,,,,,,1
707,1920,Contents,Water Damage,9/29/2024,35206,35206,20,Approved,Y,Y,All Risk,,,,,1659.35,73,,,,,,,,1
708,118,Contents,Water Damage,3/13/2024,71066,9547,80,Repudiated,N,Y,Building,,,,,733.91,86,,,,,,,,0.1343
709,282,Contents,Water Damage,4/13/2024,67636,67636,55,Approved,Y,N,All Risk,,,,,501.62,49,,,,,,,,1
710,1008,Motor,Theft & Hijacking,6/17/2023,54817,54817,54,Approved,Y,N,All Risk,,,,,2381.21,69,25,1,Y,Y,N,0,Driver meets policy requirements,1
711,1724,Contents,Fire,12/26/2025,121431,121431,19,Approved,N,N,Building,,,,,782.07,58,,,,,,,,1
712,307,Motor,Glass Damage,12/8/2024,51571,0,22,Repudiated,Y,Y,Motor,Open Driver,20,N,Business,2429.18,75,20,0,Y,N,Y,2500,Invalid driver licence,0
713,1326,Motor,Glass Damage,11/13/2023,133341,133341,41,Approved,N,Y,Building,,,,,2258.68,56,45,1,Y,Y,N,0,Driver meets policy requirements,1
714,237,Contents,Burglary,7/24/2025,33635,33635,56,Approved,Y,N,Motor,Named Driver,71,N,Private,881.01,73,,,,,,,,1
715,537,Building,Fire,4/29/2025,30314,8277,94,Repudiated,N,N,All Risk,,,,,977.28,16,,,,,,,,0.273
716,1515,Contents,Accidental Damage,9/5/2025,126063,93396,63,Pending,Y,Y,Building,,,,,1857.87,40,,,,,,,,0.7409
717,932,All Risk,Accidental Loss,3/14/2024,33374,16079,86,Repudiated,Y,Y,All Risk,,,,,1570.67,68,,,,,,,,0.4818
718,583,Building,Fire,7/4/2024,109864,31577,81,Repudiated,N,N,All Risk,,,,,1767.93,59,,,,,,,,0.2874
719,773,Motor,Weather,10/16/2024,124589,119988,74,Pending,Y,Y,All Risk,,,,,1874.75,27,56,1,Y,Y,N,0,Driver meets policy requirements,0.9631
720,1017,All Risk,Theft,2/7/2025,16765,9718,68,Pending,N,N,Contents,,,,,1324.49,26,,,,,,,,0.5797
721,1903,Motor,Fire & Explosion,11/4/2025,122309,122309,42,Approved,N,N,Contents,,,,,1894.14,62,59,37,Y,Y,N,0,Driver meets policy requirements,1
722,1410,Contents,Burglary,1/4/2023,108058,108058,29,Approved,Y,Y,All Risk,,,,,2274.14,38,,,,,,,,1
723,364,Building,Flood,3/16/2023,2020,91,78,Pending,Y,N,Building,,,,,2271.09,26,,,,,,,,0.045
724,1334,Building,Flood,10/5/2024,21450,21450,18,Approved,Y,N,Motor,Named Driver,33,Y,Business,1924.98,45,,,,,,,,1
725,1887,Motor,Glass Damage,8/12/2024,68174,68174,21,Approved,Y,N,All Risk,,,,,667.83,67,58,36,Y,Y,N,0,Driver meets policy requirements,1
726,1136,Contents,Water Damage,3/14/2025,69835,69835,13,Approved,N,Y,Building,,,,,560.44,56,,,,,,,,1
727,1027,Building,Flood,9/23/2023,147566,147566,27,Approved,N,N,Building,,,,,2004.71,44,,,,,,,,1
728,279,Building,Fire,11/7/2024,49417,49417,25,Approved,N,Y,Contents,,,,,1473.72,67,,,,,,,,1
729,733,Contents,Malicious Damage,6/16/2024,27297,16386,63,Pending,N,Y,All Risk,,,,,1453.38,70,,,,,,,,0.6003
730,1657,All Risk,Accidental Loss,5/18/2024,80858,67232,84,Repudiated,N,N,All Risk,,,,,1579.46,29,,,,,,,,0.8315
731,1511,Motor,Accidental Damage,7/19/2023,13068,13068,55,Approved,Y,Y,Building,,,,,1743.56,41,41,18,Y,Y,N,0,Driver meets policy requirements,1
732,1611,All Risk,Accidental Loss,5/21/2024,36127,14114,61,Pending,Y,Y,Building,,,,,609.42,61,,,,,,,,0.3907
733,835,Building,Water Damage,10/4/2024,5334,5334,16,Approved,N,Y,Motor,Named Driver,67,Y,Private,570.68,76,,,,,,,,1
734,187,Motor,Glass Damage,6/10/2024,90341,38311,87,Repudiated,Y,Y,All Risk,,,,,1309.77,26,66,39,Y,Y,N,0,Driver meets policy requirements,0.4241
735,979,Building,Storm,9/8/2024,85523,85523,49,Approved,Y,N,Contents,,,,,549.02,57,,,,,,,,1
736,859,All Risk,Theft,4/29/2023,78781,78781,33,Approved,Y,Y,Motor,Open Driver,29,N,Private,1855.52,65,,,,,,,,1
737,732,Contents,Water Damage,5/2/2023,110769,110769,34,Approved,N,N,Contents,,,,,2074.69,21,,,,,,,,1
738,1780,Building,Malicious Damage,4/29/2025,126839,72082,94,Repudiated,N,N,Building,,,,,2471.95,31,,,,,,,,0.5683
739,1904,All Risk,Fire,12/1/2024,53817,47362,71,Repudiated,Y,N,Building,,,,,777.15,69,,,,,,,,0.8801
740,1730,Building,Flood,12/27/2025,60160,60160,17,Approved,Y,Y,Contents,,,,,1449,68,,,,,,,,1
741,747,Motor,Fire & Explosion,2/10/2024,10212,10212,28,Approved,N,Y,Building,,,,,610.76,94,45,4,Y,Y,N,0,Driver meets policy requirements,1
742,1680,Contents,Accidental Damage,9/29/2023,47640,27162,81,Repudiated,Y,Y,Motor,Open Driver,65,N,Business,1431.92,23,,,,,,,,0.5702
743,1537,Building,Flood,9/18/2025,106512,4420,62,Pending,Y,Y,Motor,Named Driver,31,N,Private,2269.94,59,,,,,,,,0.0415
744,1859,All Risk,Fire,9/7/2024,77893,77893,50,Approved,Y,N,All Risk,,,,,1404.46,75,,,,,,,,1
745,201,Motor,Accidental Damage,3/6/2025,138737,138737,40,Approved,Y,N,Motor,Named Driver,63,Y,Private,1373.1,14,55,2,Y,Y,N,0,Driver meets policy requirements,1
746,246,Motor,Glass Damage,8/26/2025,56216,0,66,Repudiated,N,Y,Motor,Named Driver,57,N,Business,1587.7,64,64,3,N,N,N,0,Invalid driver licence,0
747,659,All Risk,Accidental Loss,2/2/2025,117854,117854,43,Approved,Y,N,Motor,Open Driver,57,Y,Business,339.56,42,,,,,,,,1
748,107,Motor,Fire & Explosion,8/29/2024,9741,926,86,Repudiated,Y,Y,Building,,,,,657.26,20,27,4,Y,Y,N,0,Driver meets policy requirements,0.0951
749,270,Building,Malicious Damage,4/2/2025,29542,6429,76,Pending,N,Y,Motor,Open Driver,43,N,Private,1773.45,94,,,,,,,,0.2176
750,1633,Building,Fire,10/22/2023,107848,10119,90,Repudiated,N,Y,Motor,Named Driver,47,N,Business,773.71,10,,,,,,,,0.0938
751,803,Contents,Accidental Damage,5/7/2023,145154,145154,11,Approved,N,Y,Building,,,,,1000.53,51,,,,,,,,1
752,71,Motor,Accidental Damage,10/10/2024,119322,13288,63,Pending,N,N,Building,,,,,1017.6,92,45,5,Y,Y,N,0,Driver meets policy requirements,0.1114
753,845,Motor,Glass Damage,6/8/2024,5593,715,69,Pending,N,Y,Contents,,,,,478.64,46,72,45,Y,Y,N,0,Driver meets policy requirements,0.1278
754,438,Motor,Theft & Hijacking,6/12/2023,70171,0,23,Repudiated,Y,Y,Motor,Open Driver,62,N,Private,882.64,36,57,1,Y,N,N,0,Invalid driver licence,0
755,563,Building,Water Damage,6/16/2025,25206,25206,39,Approved,N,Y,Building,,,,,1350.17,31,,,,,,,,1
756,630,Building,Fire,10/26/2025,92998,92998,22,Approved,N,N,Motor,Open Driver,58,N,Business,2214.21,62,,,,,,,,1
757,1604,Motor,Theft & Hijacking,1/17/2025,105046,105046,20,Approved,Y,Y,Contents,,,,,2179.61,19,38,13,Y,Y,N,0,Driver meets policy requirements,1
758,238,Building,Malicious Damage,5/29/2025,105418,77703,91,Repudiated,N,N,Motor,Open Driver,53,Y,Private,2396.1,51,,,,,,,,0.7371
759,1118,All Risk,Travel Risk,12/2/2024,122839,120550,71,Pending,N,Y,Motor,Named Driver,62,N,Business,1571.33,13,,,,,,,,0.9814
760,587,Contents,Water Damage,6/24/2025,117230,117230,31,Approved,Y,Y,Building,,,,,1882.58,66,,,,,,,,1
761,1809,Contents,Malicious Damage,6/15/2023,68365,68365,44,Approved,Y,N,Building,,,,,2235.76,87,,,,,,,,1
762,1623,Building,Malicious Damage,11/3/2023,101969,55096,85,Repudiated,N,Y,Building,,,,,2429.11,30,,,,,,,,0.5403
763,349,Building,Fire,8/3/2025,129447,28490,77,Repudiated,Y,N,All Risk,,,,,976.2,28,,,,,,,,0.2201
764,16,Building,Flood,7/30/2025,42332,42332,20,Approved,Y,N,Motor,Named Driver,60,Y,Private,1784.35,18,,,,,,,,1
765,231,Motor,Weather,3/2/2024,63682,63682,18,Approved,Y,Y,Contents,,,,,1667.57,7,36,4,Y,Y,N,0,Driver meets policy requirements,1
766,59,All Risk,Fire,1/25/2024,95151,95151,40,Approved,Y,N,Building,,,,,1381,63,,,,,,,,1
767,887,Building,Flood,10/20/2025,31897,26208,64,Repudiated,N,Y,Contents,,,,,608.99,83,,,,,,,,0.8216
768,1036,Building,Malicious Damage,1/24/2023,137199,137199,53,Approved,Y,N,Motor,Named Driver,23,N,Business,887.9,22,,,,,,,,1
769,632,Building,Water Damage,7/14/2023,35818,35818,60,Approved,N,N,Motor,Named Driver,68,N,Business,1977.77,20,,,,,,,,1
770,4,Contents,Fire,3/25/2025,43790,43790,37,Approved,Y,N,All Risk,,,,,1001.14,64,,,,,,,,1
771,29,Motor,Glass Damage,12/29/2023,71708,61137,66,Pending,Y,N,Building,,,,,635.39,47,66,36,Y,Y,N,0,Driver meets policy requirements,0.8526
772,1126,All Risk,Travel Risk,5/17/2025,132535,132535,28,Approved,N,N,Motor,Named Driver,67,Y,Private,400.05,81,,,,,,,,1
773,587,Contents,Burglary,6/23/2024,24383,21266,74,Pending,Y,Y,Building,,,,,1882.58,66,,,,,,,,0.8722
774,783,Motor,Glass Damage,4/12/2024,60093,45768,67,Repudiated,N,Y,All Risk,,,,,1880.86,84,31,1,Y,Y,N,0,Driver meets policy requirements,0.7616
775,1397,Building,Malicious Damage,9/14/2023,142663,49831,64,Repudiated,N,Y,Motor,Named Driver,68,N,Business,430.14,94,,,,,,,,0.3493
776,13,All Risk,Fire,3/28/2023,89742,89742,16,Approved,N,Y,Building,,,,,332.87,34,,,,,,,,1
777,318,All Risk,Accidental Loss,2/29/2024,146997,146997,37,Approved,Y,Y,Contents,,,,,1219.74,56,,,,,,,,1
778,1639,All Risk,Fire,1/25/2024,5470,3674,76,Repudiated,Y,Y,Motor,Open Driver,72,N,Private,2371.48,6,,,,,,,,0.6717
779,205,Contents,Water Damage,9/21/2025,53362,53362,58,Approved,Y,Y,Contents,,,,,1277.93,51,,,,,,,,1
780,981,Motor,Fire & Explosion,10/11/2023,147030,46768,65,Pending,N,N,Building,,,,,992.63,25,64,0,Y,Y,N,0,Driver meets policy requirements,0.3181
781,447,Contents,Burglary,8/9/2025,107005,649,68,Pending,Y,Y,All Risk,,,,,1000.17,57,,,,,,,,0.0061
782,1060,Contents,Accidental Damage,1/25/2024,97517,97517,48,Approved,Y,Y,All Risk,,,,,1004.88,7,,,,,,,,1
783,1922,Building,Fire,8/6/2024,125871,82503,76,Repudiated,Y,N,Contents,,,,,2211.01,18,,,,,,,,0.6555
784,1936,Building,Water Damage,2/20/2023,148017,148017,18,Approved,Y,N,All Risk,,,,,2347.66,38,,,,,,,,1
785,1870,Motor,Theft & Hijacking,3/24/2023,20723,406,77,Repudiated,N,Y,All Risk,,,,,2460.93,41,31,1,Y,Y,N,0,Driver meets policy requirements,0.0196
786,386,Contents,Malicious Damage,3/13/2025,72354,72354,17,Approved,N,N,Building,,,,,1672.68,93,,,,,,,,1
787,935,Motor,Theft & Hijacking,4/1/2024,86806,11555,67,Pending,N,N,Building,,,,,1106.88,64,37,1,Y,Y,N,0,Driver meets policy requirements,0.1331
788,333,Building,Water Damage,9/27/2025,117912,117912,42,Approved,Y,Y,Building,,,,,987.9,26,,,,,,,,1
789,1466,Motor,Theft & Hijacking,2/16/2024,129034,0,18,Repudiated,Y,Y,Motor,Open Driver,23,N,Private,1970.36,13,18,0,Y,N,Y,2500,Invalid driver licence,0
790,1009,All Risk,Theft,8/31/2024,20487,12813,70,Repudiated,N,Y,All Risk,,,,,1582.03,42,,,,,,,,0.6254
791,814,Building,Water Damage,7/26/2025,137904,137904,31,Approved,N,Y,Building,,,,,359.14,11,,,,,,,,1
792,410,All Risk,Fire,2/5/2024,145455,145455,28,Approved,N,Y,Contents,,,,,1943.73,95,,,,,,,,1
793,306,Motor,Fire & Explosion,3/4/2023,91942,0,18,Repudiated,Y,Y,Motor,Named Driver,49,N,Private,1509.85,72,43,0,Y,N,N,0,Invalid driver licence,0
794,1376,Motor,Weather,5/20/2025,53518,0,17,Repudiated,Y,N,Motor,Open Driver,53,N,Private,1762.28,34,51,1,Y,N,N,0,Invalid driver licence,0
795,1864,All Risk,Fire,11/6/2025,146923,146923,15,Approved,Y,N,Contents,,,,,709.11,14,,,,,,,,1
796,1146,Motor,Fire & Explosion,5/14/2024,147528,131577,84,Repudiated,Y,Y,Contents,,,,,2372.41,48,75,3,Y,Y,N,0,Driver meets policy requirements,0.8919
797,575,All Risk,Accidental Loss,6/21/2025,128829,128829,40,Approved,N,Y,Motor,Open Driver,47,Y,Private,2045.93,74,,,,,,,,1
798,1876,All Risk,Travel Risk,4/23/2023,25857,25857,24,Approved,N,N,All Risk,,,,,306.08,32,,,,,,,,1
799,1527,All Risk,Travel Risk,6/26/2025,138839,138839,40,Approved,N,Y,Building,,,,,1387.8,39,,,,,,,,1
800,541,All Risk,Travel Risk,9/5/2023,132157,132157,47,Approved,Y,N,All Risk,,,,,605.55,91,,,,,,,,1
801,1980,All Risk,Fire,12/24/2023,90029,90029,48,Approved,N,Y,Motor,Named Driver,34,N,Private,1057.56,34,,,,,,,,1
802,1591,Building,Flood,7/17/2024,17057,2112,81,Repudiated,Y,N,All Risk,,,,,1931.27,79,,,,,,,,0.1238
803,202,Building,Flood,3/13/2025,13352,3413,80,Pending,Y,N,Contents,,,,,2127.49,92,,,,,,,,0.2556
804,551,Contents,Accidental Damage,3/5/2024,89041,26182,93,Repudiated,N,Y,Motor,Open Driver,72,N,Private,516.96,93,,,,,,,,0.294
805,1274,Motor,Weather,10/11/2023,71044,71044,60,Approved,N,N,Contents,,,,,832.77,31,45,18,Y,Y,N,0,Driver meets policy requirements,1
806,1152,Building,Malicious Damage,7/28/2025,108224,44973,66,Repudiated,N,N,Motor,Open Driver,38,Y,Private,2150.59,32,,,,,,,,0.4156
807,1533,All Risk,Theft,10/29/2025,137682,137682,50,Approved,Y,N,All Risk,,,,,2381.59,60,,,,,,,,1
808,68,Building,Flood,3/31/2023,43772,4614,74,Pending,N,Y,Motor,Open Driver,64,N,Business,1217.92,63,,,,,,,,0.1054
809,472,Building,Malicious Damage,3/22/2023,56440,56440,57,Approved,Y,N,Building,,,,,1275.54,40,,,,,,,,1
810,1297,Motor,Accidental Damage,11/12/2025,124509,124294,69,Repudiated,N,Y,All Risk,,,,,2134.43,6,62,27,Y,Y,N,0,Driver meets policy requirements,0.9983
811,1648,All Risk,Accidental Loss,1/31/2025,91859,91859,28,Approved,Y,Y,Contents,,,,,321.11,48,,,,,,,,1
812,1180,Contents,Malicious Damage,3/2/2025,20697,15220,90,Repudiated,N,Y,Building,,,,,762.67,52,,,,,,,,0.7354
813,1968,Building,Storm,7/14/2024,47952,41098,63,Pending,N,N,Contents,,,,,692.78,17,,,,,,,,0.8571
814,964,Contents,Burglary,2/19/2023,22618,22618,15,Approved,Y,Y,All Risk,,,,,1253.53,47,,,,,,,,1
815,1074,Contents,Water Damage,8/4/2025,116896,48087,88,Repudiated,Y,N,Motor,Named Driver,62,Y,Business,1631.2,61,,,,,,,,0.4114
816,729,Building,Fire,2/10/2025,35259,11355,74,Repudiated,Y,N,All Risk,,,,,976.39,69,,,,,,,,0.322
817,1913,Contents,Accidental Damage,7/20/2024,5224,5224,12,Approved,Y,N,Contents,,,,,480.23,28,,,,,,,,1
818,813,Motor,Theft & Hijacking,5/17/2025,84136,84136,19,Approved,Y,Y,Building,,,,,421.21,70,38,1,Y,Y,N,0,Driver meets policy requirements,1
819,912,Contents,Water Damage,9/20/2024,96439,11598,67,Repudiated,Y,Y,Building,,,,,1866.43,27,,,,,,,,0.1203
820,24,Contents,Burglary,6/23/2025,95171,95171,60,Approved,Y,N,Motor,Open Driver,56,N,Business,1969.22,47,,,,,,,,1
821,1715,Contents,Malicious Damage,9/29/2025,58702,58702,34,Approved,N,N,All Risk,,,,,1238.65,83,,,,,,,,1
822,287,Building,Water Damage,11/5/2023,79705,10316,94,Repudiated,Y,N,Contents,,,,,1294.69,71,,,,,,,,0.1294
823,931,All Risk,Fire,7/6/2024,71538,71538,21,Approved,Y,N,Building,,,,,1653.12,80,,,,,,,,1
824,913,Motor,Glass Damage,4/3/2024,20693,0,57,Repudiated,Y,Y,Motor,Named Driver,52,N,Private,1750.44,84,57,2,N,N,N,0,Invalid driver licence,0
825,1537,Motor,Weather,12/6/2024,18445,0,90,Repudiated,N,N,Motor,Named Driver,31,N,Private,2269.94,59,34,3,Y,N,N,0,Invalid driver licence,0
826,1277,Motor,Accidental Damage,5/30/2024,27364,0,73,Repudiated,Y,Y,Motor,Named Driver,45,N,Private,486.52,26,37,1,Y,N,N,0,Invalid driver licence,0
827,1437,All Risk,Theft,10/3/2025,89464,89464,49,Approved,N,N,Motor,Open Driver,25,N,Private,1366.82,8,,,,,,,,1
828,1977,Contents,Water Damage,4/28/2023,41531,41531,54,Approved,Y,N,Motor,Named Driver,59,Y,Private,1136.97,44,,,,,,,,1
829,271,Building,Water Damage,5/21/2025,14125,14125,33,Approved,Y,Y,Contents,,,,,812.48,38,,,,,,,,1
830,277,Building,Flood,4/28/2024,135507,101942,83,Repudiated,Y,Y,Motor,Open Driver,55,Y,Private,1703.46,47,,,,,,,,0.7523
831,1776,Contents,Malicious Damage,2/25/2023,17438,6696,61,Pending,N,Y,Building,,,,,1103.08,93,,,,,,,,0.384
832,17,Motor,Fire & Explosion,11/9/2023,42086,42086,35,Approved,Y,Y,All Risk,,,,,2309.55,11,55,2,Y,Y,N,0,Driver meets policy requirements,1
833,826,Building,Water Damage,6/13/2025,65048,65048,40,Approved,Y,N,Motor,Named Driver,41,N,Business,854.34,12,,,,,,,,1
834,1359,Motor,Theft & Hijacking,3/20/2024,138817,138817,47,Approved,Y,Y,Motor,Open Driver,46,Y,Business,1542.18,89,52,20,Y,Y,N,0,Driver meets policy requirements,1
835,665,Motor,Theft & Hijacking,8/27/2024,21567,11490,63,Pending,Y,Y,Motor,Open Driver,25,Y,Business,972.55,33,18,0,Y,Y,Y,2500,Eligible claim with additional excess: driver under 25 and licence held less than 2 years,0.5328
836,1974,Building,Water Damage,1/21/2023,36814,36814,12,Approved,N,N,All Risk,,,,,1981.62,13,,,,,,,,1
837,1299,Motor,Glass Damage,5/15/2024,125214,125214,36,Approved,N,Y,Contents,,,,,1371,72,72,16,Y,Y,N,0,Driver meets policy requirements,1
838,1401,Contents,Accidental Damage,10/8/2025,43208,25508,77,Repudiated,Y,Y,All Risk,,,,,883.12,25,,,,,,,,0.5904
839,44,Contents,Fire,5/29/2025,125520,39444,94,Repudiated,Y,Y,Contents,,,,,2235.35,67,,,,,,,,0.3142
840,870,Building,Flood,6/26/2025,87054,86602,73,Pending,N,Y,Building,,,,,2019.24,80,,,,,,,,0.9948
841,1769,Contents,Fire,5/31/2023,38068,35629,66,Repudiated,Y,N,Building,,,,,726.73,12,,,,,,,,0.9359
842,320,Building,Storm,1/9/2024,17457,17457,24,Approved,N,Y,All Risk,,,,,2044.52,82,,,,,,,,1
843,1307,Contents,Burglary,9/18/2025,146831,146831,15,Approved,Y,N,Contents,,,,,403.58,62,,,,,,,,1
844,77,All Risk,Fire,7/26/2024,113420,113420,50,Approved,N,N,Contents,,,,,2154.08,65,,,,,,,,1
845,19,Motor,Theft & Hijacking,8/16/2025,93119,93119,35,Approved,Y,N,All Risk,,,,,295.17,80,33,2,Y,Y,N,0,Driver meets policy requirements,1
846,1565,Motor,Weather,11/15/2023,129204,129204,50,Approved,N,Y,All Risk,,,,,1312.02,80,56,0,Y,Y,N,0,Driver meets policy requirements,1
847,590,Contents,Malicious Damage,12/1/2023,68911,57136,95,Repudiated,Y,Y,Contents,,,,,1035.24,16,,,,,,,,0.8291
848,984,Building,Storm,5/22/2025,43955,43955,17,Approved,Y,Y,Contents,,,,,575.92,92,,,,,,,,1
849,369,Contents,Burglary,5/20/2024,46959,1527,80,Repudiated,Y,Y,Contents,,,,,723.26,22,,,,,,,,0.0325
850,1289,Motor,Weather,9/5/2023,131175,82792,94,Repudiated,N,Y,Building,,,,,1067.19,84,63,1,Y,Y,N,0,Driver meets policy requirements,0.6312
851,198,All Risk,Fire,4/4/2023,71495,71495,29,Approved,Y,Y,All Risk,,,,,465.41,9,,,,,,,,1
852,1681,Motor,Fire & Explosion,7/18/2025,26670,14617,85,Repudiated,Y,N,All Risk,,,,,1107.14,28,22,1,Y,Y,Y,2500,Eligible claim with additional excess: driver under 25 and licence held less than 2 years,0.5481
853,1769,Motor,Fire & Explosion,1/31/2024,123089,119993,84,Repudiated,N,Y,Building,,,,,726.73,12,55,0,Y,Y,N,0,Driver meets policy requirements,0.9748
854,101,Motor,Fire & Explosion,9/16/2025,22253,3903,88,Repudiated,N,N,Building,,,,,2074.31,29,42,10,Y,Y,N,0,Driver meets policy requirements,0.1754
855,161,Building,Malicious Damage,9/9/2023,27834,27834,19,Approved,N,N,Contents,,,,,2203.24,12,,,,,,,,1
856,1043,Motor,Fire & Explosion,2/24/2024,117243,117243,41,Approved,N,N,Building,,,,,2370.73,26,62,22,Y,Y,N,0,Driver meets policy requirements,1
857,1261,Contents,Fire,9/21/2025,53471,53471,20,Approved,Y,Y,All Risk,,,,,1888.75,69,,,,,,,,1
858,703,Building,Fire,5/6/2025,11756,11756,26,Approved,N,Y,Contents,,,,,599.05,11,,,,,,,,1
859,1796,All Risk,Theft,4/23/2024,136403,136403,23,Approved,N,Y,Motor,Open Driver,62,Y,Business,953.34,37,,,,,,,,1
860,327,Motor,Theft & Hijacking,10/5/2023,79050,77654,93,Repudiated,Y,N,Building,,,,,2469.13,56,22,2,Y,Y,N,0,Driver meets policy requirements,0.9823
861,203,Motor,Theft & Hijacking,4/19/2023,70333,70333,22,Approved,N,N,Contents,,,,,1270.36,43,73,3,Y,Y,N,0,Driver meets policy requirements,1
862,459,All Risk,Theft,9/26/2023,89901,89901,42,Approved,Y,N,Building,,,,,2059.46,60,,,,,,,,1
863,71,Contents,Fire,7/12/2023,134080,134080,28,Approved,Y,N,Building,,,,,1017.6,92,,,,,,,,1
864,1808,Motor,Accidental Damage,3/18/2024,118908,70794,85,Repudiated,N,Y,Contents,,,,,792.69,16,67,44,Y,Y,N,0,Driver meets policy requirements,0.5954
865,1896,Contents,Malicious Damage,3/23/2023,73987,66398,72,Repudiated,N,N,Contents,,,,,1716.16,72,,,,,,,,0.8974
866,1770,All Risk,Travel Risk,5/13/2023,124208,88941,67,Pending,Y,N,Motor,Open Driver,60,N,Business,578.67,43,,,,,,,,0.7161
867,494,Motor,Glass Damage,1/15/2023,114834,68165,78,Repudiated,Y,N,All Risk,,,,,2369.49,79,23,4,Y,Y,N,0,Driver meets policy requirements,0.5936
868,589,Building,Water Damage,10/26/2023,90996,90996,47,Approved,N,Y,Motor,Named Driver,51,Y,Private,1311.1,26,,,,,,,,1
869,1432,Motor,Theft & Hijacking,4/15/2025,14488,5412,80,Pending,N,N,All Risk,,,,,1888.49,59,27,0,Y,Y,N,0,Driver meets policy requirements,0.3736
870,196,Contents,Malicious Damage,6/18/2024,7913,7913,51,Approved,N,Y,All Risk,,,,,1325.53,26,,,,,,,,1
871,101,Building,Malicious Damage,4/8/2023,91117,6216,85,Repudiated,N,Y,Building,,,,,2074.31,29,,,,,,,,0.0682
872,1621,Motor,Glass Damage,12/23/2023,120434,0,81,Repudiated,N,N,Motor,Open Driver,37,N,Private,913.28,53,39,1,Y,N,N,0,Invalid driver licence,0
873,1885,Motor,Accidental Damage,1/9/2025,46929,12268,91,Repudiated,Y,N,All Risk,,,,,1034.95,9,37,13,Y,Y,N,0,Driver meets policy requirements,0.2614
874,1186,Contents,Malicious Damage,10/26/2024,100208,100208,38,Approved,Y,N,Building,,,,,783.54,66,,,,,,,,1
875,1525,Building,Malicious Damage,5/20/2025,129095,129095,20,Approved,Y,N,Building,,,,,745.48,95,,,,,,,,1
876,351,Building,Flood,7/20/2023,125482,125482,21,Approved,Y,N,Motor,Open Driver,48,N,Private,269.13,82,,,,,,,,1
877,1179,Building,Flood,10/13/2025,96210,67979,81,Repudiated,N,Y,All Risk,,,,,288.26,10,,,,,,,,0.7066
878,269,Contents,Water Damage,5/25/2023,2599,2138,74,Pending,Y,Y,All Risk,,,,,2181.66,48,,,,,,,,0.8226
879,1454,All Risk,Fire,1/7/2023,79969,79969,30,Approved,Y,Y,Contents,,,,,691.65,32,,,,,,,,1
880,281,Contents,Water Damage,8/16/2023,35762,35762,51,Approved,Y,Y,Contents,,,,,1207.82,31,,,,,,,,1
881,327,All Risk,Theft,11/4/2024,129316,6127,62,Pending,Y,N,Building,,,,,2469.13,56,,,,,,,,0.0474
882,27,Motor,Accidental Damage,4/28/2023,5432,5432,58,Approved,Y,Y,All Risk,,,,,1508.47,12,33,0,Y,Y,N,0,Driver meets policy requirements,1
883,305,Building,Storm,3/30/2024,124625,14557,64,Pending,N,N,Building,,,,,904.54,22,,,,,,,,0.1168
884,679,Building,Malicious Damage,10/29/2024,73360,5979,64,Pending,Y,N,All Risk,,,,,2243.07,50,,,,,,,,0.0815
885,1459,Building,Malicious Damage,5/22/2025,143979,143979,13,Approved,N,N,All Risk,,,,,2496.82,75,,,,,,,,1
886,154,Contents,Water Damage,6/7/2024,101714,101714,22,Approved,Y,Y,Contents,,,,,1277.95,89,,,,,,,,1
887,865,All Risk,Accidental Loss,12/27/2024,148709,148709,23,Approved,Y,Y,Building,,,,,2428.17,13,,,,,,,,1
888,348,All Risk,Theft,1/7/2023,25567,25567,40,Approved,N,N,Building,,,,,1201.08,77,,,,,,,,1
889,929,Contents,Water Damage,9/26/2024,43762,32091,68,Pending,Y,N,Building,,,,,301.92,83,,,,,,,,0.7333
890,850,All Risk,Travel Risk,1/5/2023,72335,68991,63,Pending,N,N,All Risk,,,,,599.52,39,,,,,,,,0.9538
891,1940,Building,Flood,10/8/2023,108174,108174,45,Approved,Y,Y,All Risk,,,,,1325.96,76,,,,,,,,1
892,615,Motor,Weather,11/13/2025,119071,119071,58,Approved,Y,Y,Building,,,,,1410.61,7,58,4,Y,Y,N,0,Driver meets policy requirements,1
893,1075,Contents,Water Damage,1/17/2024,58538,58538,33,Approved,Y,N,Building,,,,,2405.59,56,,,,,,,,1
894,1166,Motor,Glass Damage,12/29/2023,49357,49357,31,Approved,N,Y,Contents,,,,,251.61,95,37,0,Y,Y,N,0,Driver meets policy requirements,1
895,268,Motor,Theft & Hijacking,3/6/2023,29203,27540,87,Repudiated,N,N,Building,,,,,518.38,56,40,8,Y,Y,N,0,Driver meets policy requirements,0.9431
896,1657,Motor,Accidental Damage,4/4/2024,47834,47834,34,Approved,N,N,All Risk,,,,,1579.46,29,25,3,Y,Y,N,0,Driver meets policy requirements,1
897,43,Building,Flood,12/30/2023,130849,130849,44,Approved,Y,Y,Contents,,,,,564.81,39,,,,,,,,1
898,1899,Building,Fire,1/21/2023,103085,103085,37,Approved,N,Y,Building,,,,,764.73,49,,,,,,,,1
899,890,Building,Flood,2/28/2025,12479,12479,24,Approved,Y,Y,Motor,Named Driver,70,N,Private,585.52,82,,,,,,,,1
900,1114,Contents,Burglary,11/21/2025,114452,14097,80,Pending,Y,Y,Building,,,,,1006.53,25,,,,,,,,0.1232
901,571,Building,Fire,10/27/2023,124090,124090,53,Approved,N,Y,Motor,Named Driver,19,N,Private,1945.5,75,,,,,,,,1
902,1675,Motor,Accidental Damage,9/20/2025,79438,0,15,Repudiated,N,N,Motor,Named Driver,47,N,Private,385.31,5,42,11,Y,N,N,0,Invalid driver licence,0
903,482,Motor,Fire & Explosion,7/29/2024,26920,26920,30,Approved,N,N,Contents,,,,,1192.07,59,46,28,Y,Y,N,0,Driver meets policy requirements,1
904,422,Contents,Malicious Damage,10/26/2025,134044,134044,57,Approved,Y,Y,Building,,,,,848.14,21,,,,,,,,1
905,802,Motor,Weather,7/13/2025,28413,28413,19,Approved,Y,N,All Risk,,,,,486.68,93,37,18,Y,Y,N,0,Driver meets policy requirements,1
906,1575,Building,Malicious Damage,2/1/2025,98406,98406,55,Approved,Y,Y,Motor,Named Driver,38,Y,Business,1357.2,78,,,,,,,,1
907,352,All Risk,Accidental Loss,7/25/2023,4107,4107,25,Approved,N,N,All Risk,,,,,2198.38,58,,,,,,,,1
908,643,All Risk,Fire,5/2/2025,149403,116103,82,Repudiated,N,Y,Motor,Named Driver,64,Y,Business,1898.61,80,,,,,,,,0.7771
909,456,All Risk,Fire,1/16/2024,115038,115038,42,Approved,Y,Y,Motor,Named Driver,28,Y,Business,378.27,87,,,,,,,,1
910,1518,Contents,Fire,7/13/2023,27167,21192,83,Repudiated,Y,Y,Building,,,,,1377.68,6,,,,,,,,0.7801
911,1911,All Risk,Accidental Loss,11/11/2025,129376,129376,10,Approved,Y,Y,Motor,Open Driver,63,N,Private,1940.79,82,,,,,,,,1
912,1159,All Risk,Travel Risk,3/9/2025,98374,455,64,Repudiated,Y,Y,Building,,,,,1892.76,56,,,,,,,,0.0046
913,1981,Contents,Fire,11/26/2024,92037,5429,87,Repudiated,N,Y,Contents,,,,,2006.87,56,,,,,,,,0.059
914,1814,All Risk,Travel Risk,1/17/2023,134261,63099,63,Pending,N,N,Motor,Named Driver,61,N,Business,1824.6,50,,,,,,,,0.47
915,1066,Motor,Fire & Explosion,8/28/2024,17591,17591,28,Approved,N,N,Building,,,,,706.29,70,32,1,Y,Y,N,0,Driver meets policy requirements,1
916,1704,Building,Flood,4/9/2023,138991,138991,58,Approved,N,Y,Building,,,,,673.84,33,,,,,,,,1
917,1742,Contents,Fire,3/8/2025,107311,107311,42,Approved,N,Y,Motor,Named Driver,24,N,Business,2174.32,22,,,,,,,,1
918,1510,Contents,Fire,3/29/2024,96118,96118,21,Approved,N,Y,All Risk,,,,,657.81,90,,,,,,,,1
919,1384,Motor,Accidental Damage,3/28/2024,143700,143700,38,Approved,N,Y,Building,,,,,931.69,10,71,41,Y,Y,N,0,Driver meets policy requirements,1
920,333,All Risk,Travel Risk,9/5/2025,127779,127779,38,Approved,N,N,Building,,,,,987.9,26,,,,,,,,1
921,1612,Building,Water Damage,4/16/2025,118332,118332,44,Approved,N,Y,Motor,Open Driver,65,N,Business,1584.89,80,,,,,,,,1
922,1570,Building,Fire,4/12/2023,30752,24872,91,Repudiated,Y,Y,Contents,,,,,2132.19,53,,,,,,,,0.8088
923,534,All Risk,Accidental Loss,10/21/2024,36290,36290,37,Approved,N,Y,Motor,Open Driver,44,Y,Private,564.86,71,,,,,,,,1
924,1554,Contents,Accidental Damage,10/6/2024,19944,144,64,Pending,N,Y,All Risk,,,,,1822.5,35,,,,,,,,0.0072
925,1561,All Risk,Accidental Loss,8/7/2025,122875,122875,47,Approved,N,N,All Risk,,,,,1997.61,83,,,,,,,,1
926,1395,Motor,Theft & Hijacking,6/5/2024,146438,146438,20,Approved,Y,Y,All Risk,,,,,758.05,87,45,3,Y,Y,N,0,Driver meets policy requirements,1
927,24,Building,Fire,1/4/2025,147720,147720,24,Approved,N,Y,Motor,Open Driver,56,N,Business,1969.22,47,,,,,,,,1
928,437,All Risk,Travel Risk,3/19/2023,133280,62469,76,Repudiated,Y,N,All Risk,,,,,725.43,69,,,,,,,,0.4687
929,1609,Motor,Glass Damage,6/3/2023,94548,0,79,Repudiated,N,N,Motor,Open Driver,36,N,Business,1816.11,19,42,0,Y,N,N,0,Invalid driver licence,0
930,784,All Risk,Fire,1/10/2025,105805,99837,94,Repudiated,N,Y,Building,,,,,2057.95,71,,,,,,,,0.9436
931,656,Building,Malicious Damage,7/3/2023,25389,25389,43,Approved,Y,N,Motor,Named Driver,27,N,Private,1687.17,27,,,,,,,,1
932,1865,Contents,Accidental Damage,6/23/2025,15596,15596,27,Approved,N,N,Building,,,,,2197.68,11,,,,,,,,1
933,974,Building,Storm,3/29/2025,46898,6549,63,Pending,Y,Y,Building,,,,,1126.5,35,,,,,,,,0.1396
934,553,All Risk,Fire,3/13/2024,111503,17609,89,Repudiated,Y,Y,All Risk,,,,,1929.39,24,,,,,,,,0.1579
935,498,All Risk,Theft,12/6/2025,76986,76986,51,Approved,N,N,Contents,,,,,680.27,21,,,,,,,,1
936,579,Building,Fire,10/13/2023,47790,33447,65,Repudiated,N,Y,Contents,,,,,556.32,39,,,,,,,,0.6999
937,861,Building,Water Damage,5/14/2024,137470,137470,28,Approved,Y,N,Building,,,,,1644.19,26,,,,,,,,1
938,954,All Risk,Theft,8/28/2024,94494,45349,90,Repudiated,N,Y,Building,,,,,305.29,39,,,,,,,,0.4799
939,724,All Risk,Accidental Loss,11/17/2025,135831,135831,27,Approved,Y,N,All Risk,,,,,1926.81,37,,,,,,,,1
940,1547,Motor,Weather,3/19/2025,76730,0,31,Repudiated,Y,Y,Motor,Open Driver,59,N,Business,485.25,64,61,0,Y,N,N,0,Invalid driver licence,0
941,148,Motor,Glass Damage,9/26/2023,85537,0,58,Repudiated,N,Y,Motor,Open Driver,44,N,Business,998.72,71,46,5,Y,N,N,0,Invalid driver licence,0
942,1840,Building,Fire,6/15/2025,26221,26221,59,Approved,Y,Y,All Risk,,,,,2033.86,54,,,,,,,,1
943,1854,Building,Fire,8/24/2023,64324,64324,38,Approved,N,Y,Contents,,,,,1929.06,17,,,,,,,,1
944,1610,Contents,Accidental Damage,11/22/2025,144732,144732,38,Approved,Y,Y,Motor,Open Driver,20,N,Private,728.07,25,,,,,,,,1
945,1962,Contents,Burglary,7/22/2024,47039,47039,47,Approved,Y,Y,Building,,,,,290.07,83,,,,,,,,1
946,329,Building,Malicious Damage,12/13/2023,48768,48768,34,Approved,Y,N,Building,,,,,1354.26,38,,,,,,,,1
947,766,All Risk,Theft,7/13/2025,107756,107756,39,Approved,Y,N,All Risk,,,,,910.8,92,,,,,,,,1
948,972,Building,Storm,2/22/2024,18211,18211,21,Approved,Y,Y,Motor,Open Driver,34,Y,Private,290.82,42,,,,,,,,1
949,689,Contents,Fire,1/25/2023,64585,64585,14,Approved,Y,Y,All Risk,,,,,2032.86,51,,,,,,,,1
950,1980,All Risk,Theft,4/5/2024,91224,91224,34,Approved,N,Y,Motor,Named Driver,34,N,Private,1057.56,34,,,,,,,,1
951,1642,All Risk,Accidental Loss,3/8/2023,8628,5767,70,Repudiated,N,N,All Risk,,,,,1629.52,49,,,,,,,,0.6684
952,86,Motor,Accidental Damage,5/7/2024,139741,43001,65,Repudiated,Y,N,Contents,,,,,988.16,51,23,0,Y,Y,Y,2500,Eligible claim with additional excess: driver under 25 and licence held less than 2 years,0.3077
953,1927,Motor,Glass Damage,6/6/2023,89203,54662,75,Pending,Y,N,Contents,,,,,1038.07,91,31,1,Y,Y,N,0,Driver meets policy requirements,0.6128
954,1988,Contents,Water Damage,10/6/2024,70539,54043,87,Repudiated,N,Y,All Risk,,,,,1612.78,71,,,,,,,,0.7661
955,277,All Risk,Travel Risk,7/27/2024,65703,65703,47,Approved,N,N,Motor,Open Driver,55,Y,Private,1703.46,47,,,,,,,,1
956,435,Building,Malicious Damage,9/16/2023,15192,15192,32,Approved,N,N,Motor,Named Driver,34,Y,Private,2224.28,31,,,,,,,,1
957,1791,All Risk,Travel Risk,11/11/2025,41983,41983,47,Approved,N,Y,Building,,,,,307.01,67,,,,,,,,1
958,105,All Risk,Travel Risk,10/1/2023,41635,40303,62,Pending,Y,Y,Building,,,,,340.24,94,,,,,,,,0.968
959,642,Motor,Accidental Damage,8/8/2023,68106,68106,51,Approved,Y,Y,All Risk,,,,,1519.05,28,70,40,Y,Y,N,0,Driver meets policy requirements,1
960,1195,Contents,Burglary,2/13/2025,20500,20500,60,Approved,Y,Y,All Risk,,,,,2310.95,70,,,,,,,,1
961,1095,Motor,Accidental Damage,3/2/2024,94883,94883,13,Approved,Y,N,All Risk,,,,,1993.01,88,60,26,Y,Y,N,0,Driver meets policy requirements,1
962,1713,Motor,Theft & Hijacking,7/16/2024,121996,121996,43,Approved,N,N,Contents,,,,,755.77,63,58,39,Y,Y,N,0,Driver meets policy requirements,1
963,836,All Risk,Theft,7/25/2024,71420,71420,18,Approved,Y,Y,Contents,,,,,526.42,32,,,,,,,,1
964,16,Contents,Accidental Damage,11/18/2023,132192,132192,58,Approved,Y,Y,Motor,Named Driver,60,Y,Private,1784.35,18,,,,,,,,1
965,170,All Risk,Fire,1/30/2023,144547,74037,81,Repudiated,Y,Y,All Risk,,,,,1592.95,17,,,,,,,,0.5122
966,1812,All Risk,Accidental Loss,10/12/2023,15488,14497,79,Repudiated,N,N,Motor,Open Driver,37,Y,Business,2232.61,8,,,,,,,,0.936
967,629,Building,Water Damage,6/2/2024,30814,30814,29,Approved,Y,N,Contents,,,,,720.8,70,,,,,,,,1
968,1903,Contents,Accidental Damage,12/14/2024,138603,44624,66,Repudiated,Y,Y,Contents,,,,,1894.14,62,,,,,,,,0.322
969,542,Motor,Accidental Damage,4/7/2024,9899,9899,53,Approved,N,Y,Contents,,,,,1144.63,94,66,40,Y,Y,N,0,Driver meets policy requirements,1
970,1533,All Risk,Fire,3/17/2023,9187,9187,36,Approved,Y,Y,All Risk,,,,,2381.59,60,,,,,,,,1
971,1730,Motor,Glass Damage,10/14/2025,18699,18699,15,Approved,Y,Y,Contents,,,,,1449,68,24,6,Y,Y,N,0,Driver meets policy requirements,1
972,681,All Risk,Travel Risk,1/7/2025,134976,134976,46,Approved,N,N,Contents,,,,,1106.94,89,,,,,,,,1
973,861,Motor,Glass Damage,3/24/2024,114797,114797,22,Approved,Y,Y,Building,,,,,1644.19,26,61,16,Y,Y,N,0,Driver meets policy requirements,1
974,1671,Motor,Glass Damage,5/7/2024,83968,83968,39,Approved,N,Y,Contents,,,,,895.24,38,72,0,Y,Y,N,0,Driver meets policy requirements,1
975,1631,All Risk,Fire,2/6/2025,85168,85168,60,Approved,N,Y,Motor,Open Driver,67,Y,Private,334.92,83,,,,,,,,1
976,1738,Building,Storm,7/11/2023,138293,46051,80,Repudiated,N,Y,Building,,,,,1291.44,41,,,,,,,,0.333
977,1179,Motor,Fire & Explosion,10/16/2024,121625,121625,50,Approved,N,N,All Risk,,,,,288.26,10,25,1,Y,Y,N,0,Driver meets policy requirements,1
978,1873,Contents,Water Damage,8/23/2024,8505,1854,89,Repudiated,N,N,All Risk,,,,,2342.24,87,,,,,,,,0.218
979,1982,Motor,Accidental Damage,7/3/2025,87025,87025,58,Approved,Y,N,Motor,Named Driver,50,Y,Business,785.02,91,52,33,Y,Y,N,0,Driver meets policy requirements,1
980,1357,Building,Fire,8/1/2023,79012,50618,70,Pending,Y,Y,Motor,Named Driver,22,Y,Private,1845.3,49,,,,,,,,0.6406
981,684,Contents,Accidental Damage,9/19/2023,62527,61913,83,Repudiated,Y,Y,All Risk,,,,,1519.01,29,,,,,,,,0.9902
982,1703,Building,Flood,6/17/2025,134552,41431,79,Repudiated,N,N,Motor,Open Driver,65,N,Private,2176.67,73,,,,,,,,0.3079
983,284,All Risk,Theft,11/2/2024,145070,145070,31,Approved,N,Y,Contents,,,,,580.61,85,,,,,,,,1
984,1959,All Risk,Fire,12/6/2023,23178,9405,62,Repudiated,N,N,Contents,,,,,1578.54,45,,,,,,,,0.4058
985,372,All Risk,Accidental Loss,7/15/2025,11648,11648,11,Approved,Y,Y,Contents,,,,,466.17,43,,,,,,,,1
986,1153,All Risk,Fire,6/7/2024,91048,91048,60,Approved,Y,N,Contents,,,,,1444.81,83,,,,,,,,1
987,232,All Risk,Theft,3/15/2025,16481,16481,58,Approved,N,N,All Risk,,,,,2085.2,26,,,,,,,,1
988,1967,Building,Flood,12/19/2024,94275,94275,53,Approved,N,Y,Motor,Open Driver,43,Y,Private,302.46,60,,,,,,,,1
989,430,Motor,Theft & Hijacking,11/20/2023,15013,12067,68,Pending,N,N,Contents,,,,,2172.22,81,62,42,Y,Y,N,0,Driver meets policy requirements,0.8038
990,1954,All Risk,Travel Risk,4/12/2023,129159,129159,41,Approved,Y,Y,Building,,,,,2071.08,75,,,,,,,,1
991,1260,Motor,Fire & Explosion,8/1/2024,19590,10412,81,Repudiated,Y,Y,Contents,,,,,623.72,62,68,14,Y,Y,N,0,Driver meets policy requirements,0.5315
992,837,Motor,Theft & Hijacking,9/29/2023,81781,81781,26,Approved,N,Y,All Risk,,,,,950.61,75,38,6,Y,Y,N,0,Driver meets policy requirements,1
993,562,Building,Storm,4/7/2024,60898,60898,29,Approved,Y,Y,Motor,Named Driver,20,N,Private,540.55,57,,,,,,,,1
994,1804,All Risk,Travel Risk,9/25/2023,82200,82200,23,Approved,Y,Y,Contents,,,,,2307.33,95,,,,,,,,1
995,1783,Building,Fire,6/28/2025,119368,119368,60,Approved,N,N,Motor,Named Driver,64,N,Business,891.19,63,,,,,,,,1
996,1846,Building,Flood,4/5/2023,13717,13717,37,Approved,N,Y,Contents,,,,,821.13,92,,,,,,,,1
997,1354,Contents,Burglary,4/23/2023,147784,44348,77,Repudiated,Y,Y,All Risk,,,,,486.21,18,,,,,,,,0.3001
998,247,Contents,Burglary,9/29/2024,72395,72395,48,Approved,Y,N,Building,,,,,1645.05,29,,,,,,,,1
999,801,Contents,Fire,7/8/2023,93342,93342,17,Approved,Y,Y,Motor,Named Driver,51,N,Private,442.17,44,,,,,,,,1
1000,1496,Building,Fire,5/14/2025,56306,56306,50,Approved,N,Y,Motor,Named Driver,59,Y,Private,1694.96,47,,,,,,,,1
1001,1013,All Risk,Travel Risk,2/1/2024,78637,78637,13,Approved,Y,Y,Motor,Open Driver,48,Y,Private,289.81,70,,,,,,,,1
1002,1651,Contents,Fire,2/22/2024,13776,13776,50,Approved,Y,Y,All Risk,,,,,287.49,65,,,,,,,,1
1003,140,All Risk,Travel Risk,11/12/2024,56072,56072,26,Approved,N,Y,All Risk,,,,,633.62,49,,,,,,,,1
1004,1749,Building,Water Damage,6/7/2023,82967,15237,68,Pending,N,N,Motor,Named Driver,58,N,Business,1567.25,94,,,,,,,,0.1837
1005,1975,All Risk,Travel Risk,4/25/2023,71679,61534,90,Repudiated,Y,Y,Motor,Open Driver,60,Y,Private,2121.12,38,,,,,,,,0.8585
1006,342,Motor,Fire & Explosion,6/3/2024,29824,29824,45,Approved,Y,N,All Risk,,,,,1656.44,54,73,33,Y,Y,N,0,Driver meets policy requirements,1
1007,937,Contents,Burglary,9/22/2025,43173,43173,16,Approved,Y,N,Motor,Open Driver,34,Y,Business,1092.26,15,,,,,,,,1
1008,1457,Contents,Malicious Damage,6/9/2025,68676,54070,62,Pending,Y,N,Motor,Open Driver,20,Y,Business,272.94,52,,,,,,,,0.7873
1009,1425,Contents,Water Damage,7/4/2024,51607,9664,72,Repudiated,Y,N,Contents,,,,,1702.73,87,,,,,,,,0.1873
1010,1762,Motor,Fire & Explosion,1/20/2025,108317,108317,54,Approved,Y,N,Building,,,,,2489.52,60,57,5,Y,Y,N,0,Driver meets policy requirements,1
1011,67,All Risk,Theft,3/10/2024,40984,8049,72,Repudiated,Y,N,Building,,,,,1228.25,78,,,,,,,,0.1964
1012,384,Contents,Malicious Damage,10/15/2024,45117,1528,77,Repudiated,Y,Y,Building,,,,,2261.62,83,,,,,,,,0.0339
1013,813,Building,Flood,9/22/2024,91359,91359,50,Approved,Y,Y,Building,,,,,421.21,70,,,,,,,,1
1014,272,Motor,Glass Damage,7/16/2023,132162,55304,82,Repudiated,N,Y,All Risk,,,,,877.79,72,63,30,Y,Y,N,0,Driver meets policy requirements,0.4185
1015,1761,Contents,Malicious Damage,7/7/2025,95614,78745,75,Repudiated,Y,Y,Contents,,,,,2095.41,65,,,,,,,,0.8236
1016,184,Contents,Malicious Damage,4/22/2023,59172,50630,88,Repudiated,N,Y,Motor,Named Driver,51,N,Business,1190.07,69,,,,,,,,0.8556
1017,31,Motor,Weather,10/28/2025,112413,112413,53,Approved,Y,Y,Building,,,,,1637.85,83,63,37,Y,Y,N,0,Driver meets policy requirements,1
1018,967,Building,Malicious Damage,4/5/2024,46088,11239,65,Repudiated,N,Y,Contents,,,,,1995.66,76,,,,,,,,0.2439
1019,1957,Contents,Burglary,1/14/2025,4870,1045,85,Repudiated,Y,Y,All Risk,,,,,560.84,33,,,,,,,,0.2146
1020,1261,Contents,Malicious Damage,11/6/2023,96668,96668,60,Approved,N,Y,All Risk,,,,,1888.75,69,,,,,,,,1
1021,798,All Risk,Theft,12/15/2025,29418,17106,83,Repudiated,Y,Y,Motor,Named Driver,52,Y,Business,2315.21,87,,,,,,,,0.5815
1022,240,Motor,Accidental Damage,6/20/2024,43438,7675,82,Repudiated,Y,N,Motor,Open Driver,64,Y,Private,1933.17,56,60,33,Y,Y,N,0,Driver meets policy requirements,0.1767
1023,344,All Risk,Fire,6/20/2025,26639,25672,82,Repudiated,Y,N,Contents,,,,,488.4,11,,,,,,,,0.9637
1024,744,Building,Flood,3/7/2024,25829,17260,88,Repudiated,N,N,Contents,,,,,519.82,46,,,,,,,,0.6682
1025,1577,Contents,Fire,12/3/2023,132204,42761,68,Pending,Y,Y,All Risk,,,,,515.55,89,,,,,,,,0.3234
1026,1454,All Risk,Fire,10/19/2023,99457,99457,40,Approved,N,Y,Contents,,,,,691.65,32,,,,,,,,1
1027,1324,All Risk,Travel Risk,11/7/2025,78035,51270,73,Repudiated,Y,Y,Building,,,,,2443.26,31,,,,,,,,0.657
1028,714,All Risk,Fire,7/15/2024,70327,70327,49,Approved,Y,Y,Contents,,,,,1849.92,55,,,,,,,,1
1029,285,Motor,Fire & Explosion,9/16/2024,65040,62436,65,Pending,N,Y,Contents,,,,,2138.16,90,75,3,Y,Y,N,0,Driver meets policy requirements,0.96
1030,1729,All Risk,Travel Risk,9/4/2025,95605,95605,57,Approved,N,N,Building,,,,,1166.42,64,,,,,,,,1
1031,109,Motor,Fire & Explosion,4/29/2023,105465,105465,37,Approved,N,Y,Building,,,,,2191.71,23,55,33,Y,Y,N,0,Driver meets policy requirements,1
1032,795,Motor,Accidental Damage,3/20/2025,117993,115493,45,Approved with Additional Excess,Y,Y,Contents,,,,,1822,23,21,0,Y,Y,Y,2500,Eligible claim with additional excess: driver under 25 and licence held less than 2 years,0.9788
1033,822,All Risk,Travel Risk,5/16/2024,16635,16635,24,Approved,N,N,Building,,,,,1098.19,31,,,,,,,,1
1034,1142,All Risk,Fire,6/25/2024,138662,138662,46,Approved,N,Y,Building,,,,,1631.7,65,,,,,,,,1
1035,1992,All Risk,Theft,2/18/2025,125643,125643,47,Approved,N,N,Building,,,,,1736.31,45,,,,,,,,1
1036,695,Contents,Water Damage,12/22/2023,117964,93975,67,Repudiated,N,N,Building,,,,,388.92,55,,,,,,,,0.7966
1037,1983,Building,Flood,5/20/2025,119902,119902,29,Approved,Y,N,All Risk,,,,,1248,64,,,,,,,,1
1038,1751,Motor,Glass Damage,3/1/2023,60266,60266,15,Approved,Y,N,Building,,,,,1283.46,9,29,0,Y,Y,N,0,Driver meets policy requirements,1
1039,84,Contents,Water Damage,5/11/2024,96109,96109,10,Approved,Y,Y,Building,,,,,905.93,70,,,,,,,,1
1040,212,All Risk,Accidental Loss,7/18/2024,114281,114281,39,Approved,N,N,All Risk,,,,,1417.46,71,,,,,,,,1
1041,360,Contents,Fire,9/28/2024,144073,45258,72,Repudiated,N,Y,Motor,Named Driver,31,N,Private,573.92,41,,,,,,,,0.3141
1042,1762,Building,Fire,1/21/2025,22215,22215,26,Approved,N,Y,Building,,,,,2489.52,60,,,,,,,,1
1043,303,Motor,Weather,8/5/2024,99268,99268,18,Approved,Y,Y,Building,,,,,2314.11,93,59,23,Y,Y,N,0,Driver meets policy requirements,1
1044,861,Contents,Malicious Damage,12/30/2024,71685,71685,46,Approved,Y,N,Building,,,,,1644.19,26,,,,,,,,1
1045,341,Contents,Burglary,2/3/2024,49114,49114,29,Approved,Y,N,Motor,Open Driver,64,Y,Private,1545.44,79,,,,,,,,1
1046,1017,Building,Storm,10/16/2024,82910,82910,13,Approved,N,Y,Contents,,,,,1324.49,26,,,,,,,,1
1047,68,Motor,Theft & Hijacking,12/30/2023,6320,0,22,Repudiated,N,N,Motor,Open Driver,64,N,Business,1217.92,63,71,46,Y,N,N,0,Invalid driver licence,0
1048,117,Building,Malicious Damage,5/30/2023,135060,135060,58,Approved,Y,N,Motor,Named Driver,56,N,Business,605.01,51,,,,,,,,1
1049,585,All Risk,Accidental Loss,10/2/2025,120240,104181,73,Repudiated,Y,Y,Motor,Open Driver,44,N,Private,2134.38,74,,,,,,,,0.8664
1050,1071,Building,Flood,10/4/2024,58731,58731,39,Approved,N,Y,Motor,Open Driver,51,Y,Private,1894.85,75,,,,,,,,1
1051,843,Motor,Weather,7/30/2024,92304,92304,29,Approved,N,N,Contents,,,,,429.46,81,51,4,Y,Y,N,0,Driver meets policy requirements,1
1052,1259,Contents,Malicious Damage,9/4/2023,43446,43446,34,Approved,N,N,All Risk,,,,,308.14,86,,,,,,,,1
1053,920,All Risk,Accidental Loss,12/3/2024,99617,99617,55,Approved,Y,N,All Risk,,,,,2175.85,26,,,,,,,,1
1054,1002,Building,Fire,1/8/2024,65905,65905,40,Approved,Y,N,Building,,,,,2038.73,35,,,,,,,,1
1055,919,Contents,Water Damage,4/3/2024,77104,77104,22,Approved,N,N,Building,,,,,1233.04,65,,,,,,,,1
1056,932,All Risk,Theft,3/1/2023,55026,55026,35,Approved,Y,N,All Risk,,,,,1570.67,68,,,,,,,,1
1057,1164,Building,Flood,5/21/2023,44614,7054,75,Pending,Y,Y,Motor,Named Driver,37,N,Business,701.25,15,,,,,,,,0.1581
1058,482,All Risk,Accidental Loss,6/25/2025,80542,80542,58,Approved,Y,Y,Contents,,,,,1192.07,59,,,,,,,,1
1059,774,Building,Malicious Damage,2/20/2025,70955,70955,26,Approved,Y,Y,All Risk,,,,,866.38,43,,,,,,,,1
1060,1553,Motor,Fire & Explosion,3/16/2025,56116,56116,43,Approved,N,Y,Building,,,,,713.34,18,42,3,Y,Y,N,0,Driver meets policy requirements,1
1061,599,Motor,Weather,1/4/2023,118370,118370,51,Approved,Y,N,Building,,,,,2444.35,49,46,8,Y,Y,N,0,Driver meets policy requirements,1
1062,983,Motor,Glass Damage,7/18/2023,72637,71313,68,Repudiated,N,N,Motor,Named Driver,51,Y,Business,2435.17,89,48,1,Y,Y,N,0,Driver meets policy requirements,0.9818
1063,1950,Motor,Accidental Damage,2/25/2024,128405,125905,11,Approved with Additional Excess,N,Y,All Risk,,,,,2266.65,50,24,0,Y,Y,Y,2500,Eligible claim with additional excess: driver under 25 and licence held less than 2 years,0.9805
1064,1073,Building,Water Damage,2/25/2023,73208,32777,74,Pending,Y,N,All Risk,,,,,1302.12,39,,,,,,,,0.4477
1065,1446,Contents,Burglary,1/29/2023,56177,46356,92,Repudiated,Y,Y,All Risk,,,,,2413.23,88,,,,,,,,0.8252
1066,1715,Building,Storm,1/17/2024,71000,7809,71,Repudiated,N,N,All Risk,,,,,1238.65,83,,,,,,,,0.11
1067,1784,Motor,Weather,7/24/2024,2885,2885,43,Approved,Y,N,Building,,,,,641.9,61,35,0,Y,Y,N,0,Driver meets policy requirements,1
1068,1069,Contents,Malicious Damage,8/30/2023,57123,48094,65,Repudiated,Y,Y,Building,,,,,1912.62,6,,,,,,,,0.8419
1069,159,Motor,Theft & Hijacking,5/16/2025,9368,0,17,Repudiated,N,Y,Motor,Named Driver,59,N,Private,1084.93,50,63,19,Y,N,N,0,Invalid driver licence,0
1070,1592,Building,Water Damage,1/31/2025,92463,77270,87,Repudiated,Y,N,Building,,,,,467.6,15,,,,,,,,0.8357
1071,322,Building,Fire,10/20/2025,6496,2114,83,Repudiated,N,N,Building,,,,,351.46,54,,,,,,,,0.3254
1072,119,All Risk,Travel Risk,5/6/2025,63632,16079,69,Pending,N,Y,All Risk,,,,,1391.15,74,,,,,,,,0.2527
1073,5,Motor,Weather,6/20/2024,107594,107594,38,Approved,N,N,Contents,,,,,2106.22,52,43,1,Y,Y,N,0,Driver meets policy requirements,1
1074,186,Contents,Water Damage,5/14/2023,23121,772,67,Pending,Y,Y,Motor,Named Driver,26,Y,Business,1702.34,25,,,,,,,,0.0334
1075,1043,Building,Water Damage,10/15/2023,120346,37215,90,Repudiated,Y,Y,Building,,,,,2370.73,26,,,,,,,,0.3092
1076,656,Motor,Fire & Explosion,4/29/2024,41407,0,38,Repudiated,N,N,Motor,Named Driver,27,N,Private,1687.17,27,32,3,Y,N,N,0,Invalid driver licence,0
1077,1947,All Risk,Accidental Loss,1/7/2023,78703,11150,86,Repudiated,Y,N,Building,,,,,729.78,38,,,,,,,,0.1417
1078,1584,Building,Malicious Damage,10/19/2023,30278,14024,78,Repudiated,N,Y,All Risk,,,,,281.22,46,,,,,,,,0.4632
1079,1007,All Risk,Theft,10/12/2024,92227,92227,22,Approved,N,N,All Risk,,,,,2136.38,18,,,,,,,,1
1080,1176,Motor,Theft & Hijacking,12/23/2023,15832,3205,68,Pending,N,N,Building,,,,,272.27,70,20,0,Y,Y,Y,2500,Eligible claim with additional excess: driver under 25 and licence held less than 2 years,0.2024
1081,60,Motor,Accidental Damage,3/31/2023,7763,3605,83,Repudiated,N,N,All Risk,,,,,2474.87,25,24,1,Y,Y,Y,2500,Eligible claim with additional excess: driver under 25 and licence held less than 2 years,0.4644
1082,126,Motor,Fire & Explosion,2/29/2024,124610,104109,72,Repudiated,Y,Y,Contents,,,,,879.31,87,37,1,Y,Y,N,0,Driver meets policy requirements,0.8355
1083,667,All Risk,Theft,6/12/2025,69323,69323,13,Approved,Y,N,Contents,,,,,356.9,46,,,,,,,,1
1084,146,Building,Fire,1/1/2024,115680,115680,19,Approved,N,Y,Building,,,,,1788.71,15,,,,,,,,1
1085,1169,Building,Malicious Damage,7/15/2024,88765,88765,13,Approved,Y,Y,Motor,Named Driver,43,Y,Business,1980.84,58,,,,,,,,1
1086,1120,Motor,Weather,3/4/2024,35129,35129,23,Approved,N,Y,Contents,,,,,1132.53,18,62,34,Y,Y,N,0,Driver meets policy requirements,1
1087,1641,Building,Water Damage,6/30/2023,52189,52189,21,Approved,N,N,All Risk,,,,,1967.83,49,,,,,,,,1
1088,440,All Risk,Accidental Loss,7/10/2023,55823,55823,29,Approved,Y,Y,Building,,,,,900.18,33,,,,,,,,1
1089,95,Building,Flood,3/20/2025,36711,32116,76,Repudiated,N,N,Building,,,,,975.91,11,,,,,,,,0.8748
1090,1844,All Risk,Accidental Loss,4/11/2023,5861,5861,56,Approved,Y,Y,Building,,,,,1097.95,37,,,,,,,,1
1091,812,Motor,Accidental Damage,5/14/2025,87997,82856,78,Repudiated,N,N,Building,,,,,2282.64,44,34,4,Y,Y,N,0,Driver meets policy requirements,0.9416
1092,1768,Building,Malicious Damage,7/14/2024,23300,23300,54,Approved,Y,Y,Motor,Named Driver,30,Y,Business,700.29,45,,,,,,,,1
1093,17,Contents,Malicious Damage,12/5/2025,81612,15386,91,Repudiated,Y,N,All Risk,,,,,2309.55,11,,,,,,,,0.1885
1094,101,All Risk,Theft,7/5/2024,89421,89421,10,Approved,N,Y,Building,,,,,2074.31,29,,,,,,,,1
1095,1355,Building,Malicious Damage,7/30/2024,137769,137769,52,Approved,N,N,Motor,Open Driver,36,N,Private,1080.11,72,,,,,,,,1
1096,1394,All Risk,Theft,9/25/2023,46374,26085,72,Pending,Y,Y,Building,,,,,1424.61,26,,,,,,,,0.5625
1097,1848,Contents,Malicious Damage,3/15/2025,145388,145388,58,Approved,N,Y,Contents,,,,,1167.48,30,,,,,,,,1
1098,481,Contents,Fire,2/12/2025,123016,123016,21,Approved,Y,N,All Risk,,,,,767.58,87,,,,,,,,1
1099,874,Contents,Accidental Damage,8/5/2023,147970,80048,92,Repudiated,N,N,Motor,Open Driver,24,N,Private,2410.92,51,,,,,,,,0.541
1100,1754,Motor,Weather,7/16/2023,13674,13674,32,Approved,Y,Y,Contents,,,,,927.17,38,65,13,Y,Y,N,0,Driver meets policy requirements,1
1101,1575,Contents,Accidental Damage,6/11/2023,18840,18840,47,Approved,N,N,Motor,Named Driver,38,Y,Business,1357.2,78,,,,,,,,1
1102,921,All Risk,Fire,2/20/2025,50562,28024,64,Pending,N,Y,Contents,,,,,920.97,76,,,,,,,,0.5543
1103,1030,Contents,Accidental Damage,7/4/2024,133139,133139,20,Approved,Y,N,All Risk,,,,,1000.71,7,,,,,,,,1
1104,911,Motor,Fire & Explosion,9/30/2025,79958,79958,32,Approved,N,N,All Risk,,,,,1140.3,61,73,26,Y,Y,N,0,Driver meets policy requirements,1
1105,1811,All Risk,Accidental Loss,3/20/2023,26220,17453,95,Repudiated,Y,N,All Risk,,,,,1459.2,17,,,,,,,,0.6656
1106,1676,Contents,Burglary,10/21/2025,93212,93212,49,Approved,Y,N,Building,,,,,2290.9,57,,,,,,,,1
1107,1428,Building,Fire,9/26/2024,143970,143970,47,Approved,Y,Y,Contents,,,,,1528.43,56,,,,,,,,1
1108,1033,Motor,Accidental Damage,11/10/2024,42917,0,56,Repudiated,N,N,Motor,Open Driver,73,N,Business,1810.86,19,70,41,Y,N,N,0,Invalid driver licence,0
1109,714,Motor,Theft & Hijacking,2/26/2024,80693,52426,80,Pending,N,Y,Contents,,,,,1849.92,55,74,1,Y,Y,N,0,Driver meets policy requirements,0.6497
1110,1530,Building,Storm,8/23/2023,101579,101579,16,Approved,Y,Y,Building,,,,,813.26,59,,,,,,,,1
1111,1157,Contents,Fire,4/3/2025,77864,77864,30,Approved,N,Y,Motor,Named Driver,60,N,Business,1794.55,58,,,,,,,,1
1112,1355,All Risk,Travel Risk,2/9/2025,32063,27933,88,Repudiated,N,Y,Motor,Open Driver,36,N,Private,1080.11,72,,,,,,,,0.8712
1113,1389,All Risk,Accidental Loss,10/19/2023,32719,32719,18,Approved,N,N,All Risk,,,,,453.77,33,,,,,,,,1
1114,894,All Risk,Accidental Loss,3/22/2023,28456,28456,23,Approved,Y,N,Motor,Open Driver,50,Y,Private,462.44,49,,,,,,,,1
1115,63,All Risk,Theft,4/2/2025,85756,85359,79,Pending,Y,Y,Motor,Named Driver,50,N,Business,2424.93,90,,,,,,,,0.9954
1116,753,Motor,Glass Damage,10/28/2023,99525,1384,81,Repudiated,N,Y,Building,,,,,1904.21,62,30,3,Y,Y,N,0,Driver meets policy requirements,0.0139
1117,1896,Building,Fire,7/25/2025,46541,46541,30,Approved,Y,N,Contents,,,,,1716.16,72,,,,,,,,1
1118,1594,All Risk,Theft,7/15/2024,132197,1062,92,Repudiated,N,N,All Risk,,,,,1966.08,35,,,,,,,,0.008
1119,1512,Contents,Malicious Damage,10/25/2024,84191,72122,95,Repudiated,N,Y,Motor,Named Driver,69,Y,Business,1947.38,10,,,,,,,,0.8566
1120,1343,All Risk,Travel Risk,8/24/2023,75082,75082,43,Approved,Y,Y,Building,,,,,1198.06,94,,,,,,,,1
1121,1995,Motor,Theft & Hijacking,11/27/2024,141458,87058,85,Repudiated,Y,N,Motor,Open Driver,70,Y,Business,1890.14,17,73,0,Y,Y,N,0,Driver meets policy requirements,0.6154
1122,522,All Risk,Accidental Loss,3/19/2024,125819,125819,48,Approved,Y,N,All Risk,,,,,314.08,87,,,,,,,,1
1123,1225,Motor,Accidental Damage,5/5/2024,26118,12174,74,Pending,Y,Y,Building,,,,,1959.71,13,52,30,Y,Y,N,0,Driver meets policy requirements,0.4661
1124,617,Building,Malicious Damage,10/28/2023,90395,90395,48,Approved,N,Y,All Risk,,,,,2118.14,69,,,,,,,,1
1125,1100,Building,Flood,10/16/2024,75527,74002,73,Repudiated,N,N,Contents,,,,,1479.86,10,,,,,,,,0.9798
1126,106,Building,Water Damage,5/23/2023,142105,61680,84,Repudiated,Y,Y,All Risk,,,,,2317.96,62,,,,,,,,0.434
1127,1866,Building,Flood,4/9/2024,142995,20009,65,Repudiated,Y,Y,Contents,,,,,1487.87,45,,,,,,,,0.1399
1128,1633,All Risk,Theft,6/25/2024,4381,843,74,Repudiated,Y,Y,Motor,Named Driver,47,N,Business,773.71,10,,,,,,,,0.1924
1129,714,Contents,Malicious Damage,9/29/2023,7125,6283,91,Repudiated,N,Y,Contents,,,,,1849.92,55,,,,,,,,0.8818
1130,1211,Building,Malicious Damage,6/19/2025,3914,666,78,Repudiated,Y,N,Motor,Open Driver,30,N,Private,2360.2,43,,,,,,,,0.1702
1131,744,All Risk,Theft,2/3/2024,50692,50692,56,Approved,N,Y,Contents,,,,,519.82,46,,,,,,,,1
1132,339,Motor,Accidental Damage,10/31/2025,121937,121937,42,Approved,N,Y,All Risk,,,,,863.69,12,48,1,Y,Y,N,0,Driver meets policy requirements,1
1133,59,Contents,Accidental Damage,3/27/2025,89738,89738,29,Approved,Y,Y,Building,,,,,1381,63,,,,,,,,1
1134,1117,Building,Water Damage,3/8/2024,96019,96019,50,Approved,Y,Y,Building,,,,,1756.78,58,,,,,,,,1
1135,723,All Risk,Travel Risk,3/10/2024,70470,70470,27,Approved,N,Y,Contents,,,,,1363.28,27,,,,,,,,1
1136,829,Building,Storm,3/16/2025,121835,52873,69,Repudiated,Y,Y,Motor,Named Driver,26,Y,Private,1525.62,22,,,,,,,,0.434
1137,591,Motor,Theft & Hijacking,4/18/2023,135850,135850,32,Approved,N,N,Building,,,,,2254.99,54,50,1,Y,Y,N,0,Driver meets policy requirements,1
1138,729,Motor,Accidental Damage,1/11/2025,27119,24619,29,Approved with Additional Excess,Y,N,All Risk,,,,,976.39,69,19,1,Y,Y,Y,2500,Eligible claim with additional excess: driver under 25 and licence held less than 2 years,0.9078
1139,1742,Motor,Weather,2/17/2025,120945,0,74,Repudiated,Y,Y,Motor,Named Driver,24,N,Business,2174.32,22,26,1,Y,N,N,0,Invalid driver licence,0
1140,1293,Contents,Water Damage,2/3/2025,51474,51474,18,Approved,Y,N,All Risk,,,,,1277.98,28,,,,,,,,1
1141,682,All Risk,Accidental Loss,7/23/2024,92893,78291,73,Repudiated,Y,Y,Contents,,,,,982.15,79,,,,,,,,0.8428
1142,1786,All Risk,Accidental Loss,7/31/2023,106908,10795,88,Repudiated,Y,N,All Risk,,,,,2041.3,28,,,,,,,,0.101
1143,1265,Motor,Fire & Explosion,3/10/2024,9114,0,79,Repudiated,Y,Y,Motor,Named Driver,33,N,Private,2248.32,53,29,1,Y,N,N,0,Invalid driver licence,0
1144,559,All Risk,Theft,5/17/2024,110241,110241,40,Approved,N,Y,All Risk,,,,,469.84,16,,,,,,,,1
1145,1179,Building,Water Damage,5/29/2024,5146,497,68,Repudiated,Y,N,All Risk,,,,,288.26,10,,,,,,,,0.0966
1146,807,Contents,Malicious Damage,8/28/2023,3176,3176,23,Approved,N,N,Building,,,,,874.57,90,,,,,,,,1
1147,446,Building,Storm,4/26/2024,18952,16135,92,Repudiated,Y,N,Contents,,,,,1980.23,19,,,,,,,,0.8514
1148,1556,Building,Storm,12/12/2025,24040,24040,34,Approved,Y,Y,Building,,,,,2222.01,92,,,,,,,,1
1149,407,Contents,Accidental Damage,9/5/2025,78658,45353,62,Repudiated,Y,Y,All Risk,,,,,1813.45,68,,,,,,,,0.5766
1150,1426,Building,Malicious Damage,7/10/2023,60263,58876,75,Repudiated,Y,Y,Motor,Open Driver,58,Y,Private,1660.52,8,,,,,,,,0.977
1151,1104,All Risk,Fire,1/11/2025,39975,39975,58,Approved,Y,N,Motor,Open Driver,41,Y,Business,490.39,25,,,,,,,,1
1152,615,All Risk,Travel Risk,11/19/2025,52260,32940,62,Pending,N,Y,Building,,,,,1410.61,7,,,,,,,,0.6303
1153,1415,All Risk,Theft,1/8/2025,121119,121119,39,Approved,N,N,All Risk,,,,,836.73,80,,,,,,,,1
1154,1003,Contents,Accidental Damage,12/23/2023,77705,77705,50,Approved,N,N,All Risk,,,,,1396.09,23,,,,,,,,1
1155,940,Contents,Malicious Damage,2/12/2023,113412,113412,19,Approved,Y,Y,Building,,,,,1799.32,62,,,,,,,,1
1156,363,Contents,Water Damage,5/23/2025,142508,6736,79,Pending,Y,N,All Risk,,,,,1428.57,49,,,,,,,,0.0473
1157,331,Building,Flood,5/29/2025,9186,9186,12,Approved,N,N,All Risk,,,,,2019.24,73,,,,,,,,1
1158,720,All Risk,Theft,11/6/2025,99424,99424,18,Approved,N,Y,Motor,Named Driver,52,Y,Private,786.75,37,,,,,,,,1
1159,1708,Contents,Water Damage,4/20/2023,138951,104183,92,Repudiated,Y,N,Motor,Open Driver,31,N,Business,2325.44,38,,,,,,,,0.7498
1160,84,Building,Malicious Damage,4/10/2023,111284,111284,24,Approved,Y,N,Building,,,,,905.93,70,,,,,,,,1
1161,1580,Contents,Burglary,8/14/2024,78568,78568,39,Approved,Y,N,Contents,,,,,346.68,32,,,,,,,,1
1162,288,Contents,Burglary,4/18/2025,24145,18409,75,Pending,Y,Y,Contents,,,,,1244.68,54,,,,,,,,0.7624
1163,1026,All Risk,Fire,8/24/2023,133134,133134,25,Approved,Y,N,Motor,Open Driver,45,N,Business,1230.21,63,,,,,,,,1
1164,1835,Building,Storm,9/15/2024,121787,121787,31,Approved,N,Y,Contents,,,,,2246.74,42,,,,,,,,1
1165,408,Motor,Weather,7/14/2025,146888,146888,17,Approved,Y,N,All Risk,,,,,1195.17,83,44,11,Y,Y,N,0,Driver meets policy requirements,1
1166,1923,All Risk,Fire,1/5/2023,137404,137404,52,Approved,N,N,Motor,Named Driver,61,Y,Private,1976.04,37,,,,,,,,1
1167,1058,Motor,Theft & Hijacking,7/3/2023,76940,0,24,Repudiated,Y,N,Motor,Named Driver,29,N,Business,2097.17,87,27,0,Y,N,N,0,Invalid driver licence,0
1168,643,Motor,Weather,7/27/2025,25264,0,78,Repudiated,N,Y,Motor,Named Driver,64,Y,Business,1898.61,80,72,1,N,N,N,0,Incident driver not listed on named-driver policy,0
1169,1153,Motor,Weather,8/25/2025,80702,58794,90,Repudiated,Y,Y,Contents,,,,,1444.81,83,70,50,Y,Y,N,0,Driver meets policy requirements,0.7285
1170,1660,Contents,Accidental Damage,11/26/2023,138907,138907,59,Approved,Y,N,Building,,,,,985.15,50,,,,,,,,1
1171,675,All Risk,Travel Risk,8/18/2025,123654,123654,59,Approved,N,Y,All Risk,,,,,2016.42,32,,,,,,,,1
1172,1309,All Risk,Travel Risk,5/14/2023,127125,21403,83,Repudiated,Y,Y,Building,,,,,2378.54,74,,,,,,,,0.1684
1173,596,All Risk,Fire,4/25/2024,91944,72702,77,Pending,N,N,Motor,Open Driver,18,Y,Private,2042.81,13,,,,,,,,0.7907
1174,1200,Contents,Water Damage,9/14/2024,67295,67295,37,Approved,N,N,Contents,,,,,1612.76,69,,,,,,,,1
1175,914,All Risk,Accidental Loss,4/8/2024,91999,91999,38,Approved,N,Y,Motor,Open Driver,66,Y,Private,2295.48,50,,,,,,,,1
1176,1824,Building,Water Damage,7/20/2024,121126,121126,40,Approved,N,Y,Building,,,,,554.26,43,,,,,,,,1
1177,176,Contents,Malicious Damage,6/22/2024,57387,57387,16,Approved,Y,N,Contents,,,,,2263.25,81,,,,,,,,1
1178,1451,Contents,Malicious Damage,8/21/2024,138402,76349,70,Repudiated,Y,N,All Risk,,,,,524.98,42,,,,,,,,0.5516
1179,1761,Motor,Theft & Hijacking,12/29/2025,28314,28314,18,Approved,N,N,Contents,,,,,2095.41,65,37,0,Y,Y,N,0,Driver meets policy requirements,1
1180,1632,All Risk,Travel Risk,2/28/2024,12788,12788,35,Approved,N,N,All Risk,,,,,2022.96,6,,,,,,,,1
1181,1660,Contents,Malicious Damage,9/15/2025,47208,47208,46,Approved,Y,N,Building,,,,,985.15,50,,,,,,,,1
1182,1014,Contents,Water Damage,10/7/2023,22200,15570,70,Pending,N,N,Contents,,,,,602.02,60,,,,,,,,0.7014
1183,144,Motor,Glass Damage,1/2/2025,87537,15439,73,Repudiated,Y,N,All Risk,,,,,1107.48,84,23,1,Y,Y,Y,2500,Eligible claim with additional excess: driver under 25 and licence held less than 2 years,0.1764
1184,792,Building,Fire,5/5/2025,122110,67352,92,Repudiated,Y,Y,Building,,,,,971.92,92,,,,,,,,0.5516
1185,1476,Contents,Water Damage,9/30/2023,30030,30030,20,Approved,N,N,Building,,,,,2494.99,37,,,,,,,,1
1186,495,All Risk,Accidental Loss,8/17/2025,61342,61342,43,Approved,N,Y,Building,,,,,1254.41,60,,,,,,,,1
1187,1086,All Risk,Theft,12/9/2025,127471,7885,63,Repudiated,Y,N,Contents,,,,,974.9,70,,,,,,,,0.0619
1188,1436,Contents,Water Damage,1/18/2023,43456,43456,14,Approved,N,Y,All Risk,,,,,1928.65,34,,,,,,,,1
1189,1763,Contents,Malicious Damage,11/16/2025,80190,57649,64,Pending,N,Y,Contents,,,,,569.84,36,,,,,,,,0.7189
1190,1676,Building,Storm,4/23/2023,99195,99195,47,Approved,Y,Y,Building,,,,,2290.9,57,,,,,,,,1
1191,357,All Risk,Travel Risk,11/17/2025,78290,21612,76,Pending,Y,Y,All Risk,,,,,2192.11,40,,,,,,,,0.2761
1192,64,Motor,Theft & Hijacking,4/9/2025,16514,16514,37,Approved,N,Y,All Risk,,,,,1792,12,75,14,Y,Y,N,0,Driver meets policy requirements,1
1193,1293,Contents,Fire,12/1/2023,29367,2138,93,Repudiated,N,Y,All Risk,,,,,1277.98,28,,,,,,,,0.0728
1194,1742,Contents,Burglary,6/12/2025,66767,66767,42,Approved,Y,N,Motor,Named Driver,24,N,Business,2174.32,22,,,,,,,,1
1195,1271,Building,Storm,7/8/2023,18700,18700,53,Approved,N,N,All Risk,,,,,2277.04,67,,,,,,,,1
1196,91,Contents,Burglary,2/1/2025,111598,111598,25,Approved,Y,N,All Risk,,,,,1664.59,93,,,,,,,,1
1197,402,Motor,Weather,11/13/2024,143429,143429,47,Approved,N,N,Building,,,,,318.95,85,41,1,Y,Y,N,0,Driver meets policy requirements,1
1198,1540,Building,Water Damage,11/24/2024,83143,83143,29,Approved,N,Y,Motor,Open Driver,67,N,Private,757.86,46,,,,,,,,1
1199,1587,All Risk,Accidental Loss,2/25/2025,130927,81780,70,Repudiated,Y,Y,Building,,,,,1364.56,82,,,,,,,,0.6246
1200,987,Motor,Fire & Explosion,5/9/2024,125335,65514,64,Pending,Y,Y,Building,,,,,1763.64,29,75,32,Y,Y,N,0,Driver meets policy requirements,0.5227
1201,1505,All Risk,Theft,1/29/2024,85894,85894,20,Approved,N,Y,Contents,,,,,2281.83,32,,,,,,,,1
1202,1324,All Risk,Fire,9/26/2024,28431,28431,47,Approved,N,N,Building,,,,,2443.26,31,,,,,,,,1
1203,775,Building,Malicious Damage,7/5/2023,54048,11532,73,Repudiated,Y,Y,Contents,,,,,583.75,53,,,,,,,,0.2134
1204,1830,Contents,Accidental Damage,1/17/2025,120629,120629,51,Approved,Y,N,Contents,,,,,1938.15,11,,,,,,,,1
1205,1066,Contents,Burglary,1/25/2025,31967,2181,72,Repudiated,Y,N,Building,,,,,706.29,70,,,,,,,,0.0682
1206,12,Motor,Weather,10/21/2024,127994,125494,16,Approved with Additional Excess,Y,Y,Motor,Named Driver,23,Y,Private,2354.42,69,18,0,Y,Y,Y,2500,Eligible claim with additional excess: driver under 25 and licence held less than 2 years,0.9805
1207,1778,All Risk,Travel Risk,8/18/2023,88565,72748,72,Pending,Y,Y,Motor,Named Driver,57,Y,Business,2473.12,47,,,,,,,,0.8214
1208,131,Building,Fire,4/11/2024,23774,21361,88,Repudiated,Y,N,Contents,,,,,2079.22,85,,,,,,,,0.8985
1209,335,Contents,Malicious Damage,3/18/2023,35884,35884,14,Approved,Y,Y,All Risk,,,,,809.85,41,,,,,,,,1
1210,1403,Contents,Water Damage,1/9/2024,44912,44912,27,Approved,Y,N,Building,,,,,1396.37,43,,,,,,,,1
1211,566,Contents,Fire,7/13/2025,81853,81853,11,Approved,Y,N,Motor,Open Driver,24,N,Private,1119.11,94,,,,,,,,1
1212,111,Contents,Water Damage,10/3/2023,56525,56525,25,Approved,N,N,All Risk,,,,,1624.54,91,,,,,,,,1
1213,1875,Contents,Water Damage,8/16/2025,20227,10276,78,Repudiated,Y,Y,All Risk,,,,,2419.54,78,,,,,,,,0.508
1214,582,Motor,Weather,5/29/2025,124132,16442,77,Pending,N,N,Motor,Named Driver,47,Y,Business,732.6,21,49,4,Y,Y,N,0,Driver meets policy requirements,0.1325
1215,1563,All Risk,Theft,2/7/2023,39022,29794,73,Pending,N,Y,Motor,Open Driver,72,Y,Business,1932.54,17,,,,,,,,0.7635
1216,486,Contents,Accidental Damage,3/15/2024,53962,12465,65,Pending,Y,Y,Contents,,,,,2244,27,,,,,,,,0.231
1217,1621,All Risk,Theft,4/15/2025,25515,25515,36,Approved,N,N,Motor,Open Driver,37,N,Private,913.28,53,,,,,,,,1
1218,1066,Motor,Accidental Damage,4/12/2025,80884,80884,44,Approved,Y,N,Building,,,,,706.29,70,20,2,Y,Y,N,0,Driver meets policy requirements,1
1219,942,Building,Fire,9/1/2023,14627,12596,70,Pending,N,Y,All Risk,,,,,1543.85,23,,,,,,,,0.8611
1220,706,Motor,Fire & Explosion,12/10/2025,21178,21178,47,Approved,Y,N,All Risk,,,,,1957.69,86,68,25,Y,Y,N,0,Driver meets policy requirements,1
1221,74,Motor,Weather,4/18/2025,73508,65020,71,Pending,Y,N,Contents,,,,,1421.83,94,70,12,Y,Y,N,0,Driver meets policy requirements,0.8845
1222,9,All Risk,Theft,6/18/2023,9943,2792,82,Repudiated,Y,Y,Contents,,,,,2162.93,75,,,,,,,,0.2808
1223,843,Motor,Fire & Explosion,2/17/2024,54683,52183,36,Approved with Additional Excess,N,N,Contents,,,,,429.46,81,18,0,Y,Y,Y,2500,Eligible claim with additional excess: driver under 25 and licence held less than 2 years,0.9543
1224,1709,All Risk,Travel Risk,12/9/2024,41823,12908,83,Repudiated,N,Y,Building,,,,,2169.44,90,,,,,,,,0.3086
1225,1883,Motor,Glass Damage,4/29/2024,108359,108359,60,Approved,Y,N,All Risk,,,,,417.5,61,32,0,Y,Y,N,0,Driver meets policy requirements,1
1226,1241,Contents,Malicious Damage,12/30/2025,6155,3340,94,Repudiated,N,Y,All Risk,,,,,505.29,18,,,,,,,,0.5426
1227,656,Building,Storm,11/16/2024,135689,135689,31,Approved,Y,N,Motor,Named Driver,27,N,Private,1687.17,27,,,,,,,,1
1228,60,Building,Storm,8/12/2023,65029,65029,53,Approved,Y,N,All Risk,,,,,2474.87,25,,,,,,,,1
1229,1143,Contents,Burglary,8/28/2023,132544,24548,68,Pending,Y,N,Building,,,,,2452.1,48,,,,,,,,0.1852
1230,438,Contents,Water Damage,11/28/2025,44343,44343,34,Approved,N,N,Motor,Open Driver,62,N,Private,882.64,36,,,,,,,,1
1231,1290,All Risk,Fire,4/19/2025,2754,2754,13,Approved,Y,N,Contents,,,,,1711.47,92,,,,,,,,1
1232,222,Motor,Fire & Explosion,9/30/2025,132943,132943,11,Approved,Y,Y,All Risk,,,,,803.39,77,52,10,Y,Y,N,0,Driver meets policy requirements,1
1233,1677,Motor,Weather,12/31/2023,117888,115388,36,Approved with Additional Excess,N,N,Contents,,,,,2054.69,47,21,1,Y,Y,Y,2500,Eligible claim with additional excess: driver under 25 and licence held less than 2 years,0.9788
1234,1819,Building,Fire,10/12/2023,142444,122628,76,Repudiated,Y,Y,Building,,,,,621,23,,,,,,,,0.8609
1235,1962,Contents,Water Damage,2/6/2024,86218,86218,40,Approved,N,Y,Building,,,,,290.07,83,,,,,,,,1
1236,822,All Risk,Travel Risk,7/19/2025,101280,101280,45,Approved,N,Y,Building,,,,,1098.19,31,,,,,,,,1
1237,1571,Motor,Accidental Damage,3/2/2023,67690,62892,72,Repudiated,N,Y,Contents,,,,,2268.05,86,44,12,Y,Y,N,0,Driver meets policy requirements,0.9291
1238,1286,Building,Water Damage,6/22/2024,114271,114271,37,Approved,N,N,All Risk,,,,,454.87,84,,,,,,,,1
1239,1873,Contents,Water Damage,7/20/2024,96155,96155,60,Approved,Y,Y,All Risk,,,,,2342.24,87,,,,,,,,1
1240,1169,Motor,Accidental Damage,4/9/2023,25970,25970,15,Approved,N,N,Motor,Named Driver,43,Y,Business,1980.84,58,45,3,Y,Y,N,0,Driver meets policy requirements,1
1241,519,Building,Storm,9/24/2023,101541,55716,93,Repudiated,N,N,Building,,,,,797.69,46,,,,,,,,0.5487
1242,544,Contents,Malicious Damage,5/20/2025,103664,96556,93,Repudiated,Y,N,Contents,,,,,405.36,89,,,,,,,,0.9314
1243,519,Building,Water Damage,3/11/2025,117267,117267,55,Approved,N,N,Building,,,,,797.69,46,,,,,,,,1
1244,1197,All Risk,Accidental Loss,12/2/2023,95813,95813,54,Approved,N,Y,Contents,,,,,1219.25,49,,,,,,,,1
1245,415,Contents,Malicious Damage,9/30/2025,37445,24509,67,Pending,Y,Y,Building,,,,,1388.31,56,,,,,,,,0.6545
1246,1252,Motor,Fire & Explosion,8/1/2025,60946,60946,36,Approved,N,N,Contents,,,,,700.72,21,50,30,Y,Y,N,0,Driver meets policy requirements,1
1247,399,Motor,Glass Damage,2/1/2024,125165,125165,49,Approved,N,N,Contents,,,,,1408.5,6,61,12,Y,Y,N,0,Driver meets policy requirements,1
1248,1582,Motor,Theft & Hijacking,5/26/2024,69824,0,65,Repudiated,Y,N,Motor,Named Driver,54,N,Business,429.87,50,61,0,Y,N,N,0,Invalid driver licence,0
1249,1489,Contents,Burglary,5/17/2024,26177,14297,91,Repudiated,Y,N,All Risk,,,,,1954.46,23,,,,,,,,0.5462
1250,1184,Contents,Burglary,2/26/2025,24866,24866,46,Approved,Y,Y,Contents,,,,,1305.54,81,,,,,,,,1
1251,1471,All Risk,Theft,9/26/2025,29361,165,92,Repudiated,N,N,Contents,,,,,616.36,5,,,,,,,,0.0056
1252,174,Building,Fire,2/13/2025,113575,79911,76,Repudiated,N,Y,Motor,Named Driver,67,N,Private,1469.5,32,,,,,,,,0.7036
1253,179,All Risk,Accidental Loss,4/8/2023,3223,3223,56,Approved,N,N,Building,,,,,258.72,55,,,,,,,,1
1254,6,Motor,Glass Damage,12/19/2025,57669,57669,31,Approved,N,N,All Risk,,,,,1702.07,78,49,18,Y,Y,N,0,Driver meets policy requirements,1
1255,1282,All Risk,Accidental Loss,4/22/2023,23551,23551,53,Approved,Y,N,All Risk,,,,,340.4,67,,,,,,,,1
1256,1240,All Risk,Fire,2/4/2024,98695,98695,53,Approved,Y,Y,Building,,,,,1196.02,84,,,,,,,,1
1257,375,Motor,Weather,5/15/2025,67742,10275,67,Repudiated,N,Y,Contents,,,,,1629.93,58,32,4,Y,Y,N,0,Driver meets policy requirements,0.1517
1258,228,All Risk,Fire,6/7/2025,95136,95136,49,Approved,N,N,Motor,Open Driver,56,N,Business,2061.59,57,,,,,,,,1
1259,1799,Contents,Accidental Damage,3/6/2025,51750,46405,82,Repudiated,N,N,Building,,,,,2400.74,81,,,,,,,,0.8967
1260,1297,Building,Flood,1/17/2023,80099,80099,29,Approved,Y,N,All Risk,,,,,2134.43,6,,,,,,,,1
1261,753,Contents,Accidental Damage,5/10/2024,20670,20670,39,Approved,Y,N,Building,,,,,1904.21,62,,,,,,,,1
1262,544,All Risk,Fire,2/17/2023,99094,97590,83,Repudiated,N,Y,Contents,,,,,405.36,89,,,,,,,,0.9848
1263,441,Building,Flood,6/20/2024,4140,570,94,Repudiated,Y,Y,Building,,,,,1669.63,84,,,,,,,,0.1377
1264,1679,Building,Fire,10/22/2024,75509,75509,33,Approved,Y,Y,All Risk,,,,,1151.37,35,,,,,,,,1
1265,996,All Risk,Travel Risk,7/21/2024,113976,113976,56,Approved,Y,N,Motor,Named Driver,75,N,Business,2197.64,9,,,,,,,,1
1266,888,All Risk,Fire,3/8/2024,122497,70824,68,Pending,N,N,Building,,,,,1797.55,23,,,,,,,,0.5782
1267,1539,Contents,Accidental Damage,9/12/2025,28566,28566,29,Approved,Y,Y,All Risk,,,,,831.72,30,,,,,,,,1
1268,1305,All Risk,Theft,12/29/2023,91444,28480,67,Pending,N,Y,Contents,,,,,2283.57,62,,,,,,,,0.3114
1269,1201,All Risk,Fire,3/31/2024,35192,35192,18,Approved,Y,N,All Risk,,,,,584.76,13,,,,,,,,1
1270,252,Contents,Burglary,12/19/2024,70918,45927,80,Repudiated,Y,Y,Building,,,,,312.07,34,,,,,,,,0.6476
1271,625,Building,Flood,1/19/2023,140548,84794,80,Pending,Y,Y,Building,,,,,755.26,20,,,,,,,,0.6033
1272,1644,All Risk,Travel Risk,5/19/2024,149882,116606,87,Repudiated,Y,Y,Building,,,,,675.38,88,,,,,,,,0.778
1273,1784,All Risk,Fire,11/1/2025,55832,55832,40,Approved,N,Y,Building,,,,,641.9,61,,,,,,,,1
1274,1012,Contents,Fire,3/11/2023,110086,110086,18,Approved,Y,N,All Risk,,,,,2415.8,40,,,,,,,,1
1275,1747,Motor,Fire & Explosion,7/23/2024,37015,35192,70,Repudiated,N,N,Building,,,,,437.66,89,37,4,Y,Y,N,0,Driver meets policy requirements,0.9507
1276,9,Motor,Fire & Explosion,7/22/2025,123053,123053,28,Approved,Y,Y,Contents,,,,,2162.93,75,56,7,Y,Y,N,0,Driver meets policy requirements,1
1277,1891,Motor,Accidental Damage,7/29/2023,60741,33929,62,Repudiated,N,Y,Motor,Open Driver,63,Y,Business,1263.95,89,59,3,Y,Y,N,0,Driver meets policy requirements,0.5586
1278,1535,Contents,Burglary,2/8/2023,53693,53693,58,Approved,Y,N,All Risk,,,,,1481.22,29,,,,,,,,1
1279,1127,Contents,Fire,9/13/2024,40840,20034,91,Repudiated,N,Y,Contents,,,,,2025.87,22,,,,,,,,0.4905
1280,1681,All Risk,Theft,5/27/2024,62821,18003,75,Repudiated,Y,N,All Risk,,,,,1107.14,28,,,,,,,,0.2866
1281,1947,Contents,Water Damage,1/28/2024,128803,111217,74,Repudiated,Y,N,Building,,,,,729.78,38,,,,,,,,0.8635
1282,493,Building,Fire,3/10/2023,3322,3322,57,Approved,Y,Y,Building,,,,,2205.17,30,,,,,,,,1
1283,541,Contents,Burglary,10/21/2025,29174,29174,23,Approved,Y,Y,All Risk,,,,,605.55,91,,,,,,,,1
1284,606,Motor,Theft & Hijacking,10/20/2025,44903,42403,51,Approved with Additional Excess,N,N,All Risk,,,,,574.54,23,20,1,Y,Y,Y,2500,Eligible claim with additional excess: driver under 25 and licence held less than 2 years,0.9443
1285,543,All Risk,Theft,4/11/2023,56776,56776,48,Approved,N,N,Contents,,,,,2035.85,5,,,,,,,,1
1286,448,Building,Storm,9/19/2024,125994,125994,52,Approved,Y,N,Contents,,,,,885.06,64,,,,,,,,1
1287,233,Motor,Weather,9/16/2023,33269,8592,75,Repudiated,N,Y,Contents,,,,,2365.25,13,34,12,Y,Y,N,0,Driver meets policy requirements,0.2583
1288,99,Contents,Fire,11/14/2024,96929,96838,90,Repudiated,N,N,Building,,,,,2475.48,27,,,,,,,,0.9991
1289,965,Motor,Weather,8/20/2025,64566,64566,56,Approved,Y,Y,Building,,,,,1579.69,33,69,2,Y,Y,N,0,Driver meets policy requirements,1
1290,1634,All Risk,Travel Risk,6/10/2024,113008,83130,61,Pending,N,N,Building,,,,,2400.54,53,,,,,,,,0.7356
1291,1379,All Risk,Fire,3/28/2025,11543,194,78,Pending,N,Y,Contents,,,,,1647.74,28,,,,,,,,0.0168
1292,1521,All Risk,Fire,7/29/2023,81084,1845,83,Repudiated,Y,Y,Motor,Named Driver,39,N,Business,526.12,52,,,,,,,,0.0228
1293,1595,Motor,Weather,9/6/2025,132932,0,12,Repudiated,Y,Y,Motor,Open Driver,70,N,Private,691.72,24,72,24,Y,N,N,0,Invalid driver licence,0
1294,1560,Contents,Water Damage,2/20/2025,57033,3473,79,Repudiated,N,N,All Risk,,,,,407.82,94,,,,,,,,0.0609
1295,578,All Risk,Accidental Loss,12/17/2024,39142,39142,36,Approved,Y,Y,All Risk,,,,,992.89,20,,,,,,,,1
1296,1920,All Risk,Accidental Loss,9/28/2024,138997,138997,41,Approved,N,N,All Risk,,,,,1659.35,73,,,,,,,,1
1297,1028,Contents,Burglary,9/12/2023,126755,46959,72,Pending,Y,Y,All Risk,,,,,1055.44,27,,,,,,,,0.3705
1298,1097,Contents,Fire,8/6/2024,46772,17430,70,Pending,N,Y,Motor,Open Driver,30,N,Business,1051.22,91,,,,,,,,0.3727
1299,1530,Contents,Malicious Damage,4/29/2023,10894,5978,67,Repudiated,Y,Y,Building,,,,,813.26,59,,,,,,,,0.5487
1300,1861,Contents,Fire,3/29/2025,100464,69871,77,Repudiated,N,N,All Risk,,,,,2370.21,27,,,,,,,,0.6955
1301,1334,Contents,Water Damage,11/1/2023,121435,121435,58,Approved,Y,Y,Motor,Named Driver,33,Y,Business,1924.98,45,,,,,,,,1
1302,1179,All Risk,Travel Risk,9/1/2024,36621,1649,68,Repudiated,N,Y,All Risk,,,,,288.26,10,,,,,,,,0.045
1303,1360,Contents,Malicious Damage,2/25/2023,34888,26045,93,Repudiated,Y,Y,Contents,,,,,1087.95,91,,,,,,,,0.7465
1304,973,Contents,Burglary,6/14/2025,9978,9978,15,Approved,Y,N,Motor,Named Driver,38,N,Private,1043.73,49,,,,,,,,1
1305,1972,All Risk,Fire,10/6/2024,99265,10098,90,Repudiated,Y,N,Motor,Named Driver,40,Y,Private,2081.86,44,,,,,,,,0.1017
1306,929,Motor,Theft & Hijacking,10/28/2023,139104,136604,50,Approved with Additional Excess,N,N,Building,,,,,301.92,83,19,1,Y,Y,Y,2500,Eligible claim with additional excess: driver under 25 and licence held less than 2 years,0.982
1307,328,Contents,Burglary,8/2/2025,92862,92862,29,Approved,Y,Y,Contents,,,,,1568.77,15,,,,,,,,1
1308,753,Contents,Water Damage,11/17/2023,66676,66676,57,Approved,Y,N,Building,,,,,1904.21,62,,,,,,,,1
1309,337,Motor,Theft & Hijacking,2/11/2025,48662,48662,58,Approved,Y,Y,Contents,,,,,1623.78,9,74,48,Y,Y,N,0,Driver meets policy requirements,1
1310,1110,Contents,Burglary,6/30/2024,62751,62751,41,Approved,Y,Y,All Risk,,,,,492.38,80,,,,,,,,1
1311,1914,Building,Flood,10/29/2025,124324,54406,69,Pending,N,Y,Contents,,,,,1697.87,43,,,,,,,,0.4376
1312,1084,All Risk,Accidental Loss,9/2/2023,37751,37751,31,Approved,N,Y,Building,,,,,497.12,57,,,,,,,,1
1313,568,Building,Fire,12/21/2023,3368,3368,60,Approved,N,N,All Risk,,,,,707.75,39,,,,,,,,1
1314,339,Building,Fire,3/10/2024,130309,130309,44,Approved,Y,N,All Risk,,,,,863.69,12,,,,,,,,1
1315,240,Motor,Glass Damage,12/8/2024,25732,25732,17,Approved,Y,N,Motor,Open Driver,64,Y,Private,1933.17,56,72,31,Y,Y,N,0,Driver meets policy requirements,1
1316,1406,Motor,Weather,4/25/2024,129717,129717,49,Approved,N,Y,All Risk,,,,,415.16,79,42,0,Y,Y,N,0,Driver meets policy requirements,1
1317,645,Motor,Fire & Explosion,1/15/2024,45028,21439,82,Repudiated,Y,Y,All Risk,,,,,1847.56,63,50,32,Y,Y,N,0,Driver meets policy requirements,0.4761
1318,225,Building,Flood,8/24/2024,62376,62376,29,Approved,N,N,Contents,,,,,1701.15,62,,,,,,,,1
1319,346,Motor,Accidental Damage,12/6/2025,145110,145110,19,Approved,Y,Y,All Risk,,,,,1355.38,88,52,29,Y,Y,N,0,Driver meets policy requirements,1
1320,1612,All Risk,Theft,7/22/2024,103793,103793,18,Approved,N,N,Motor,Open Driver,65,N,Business,1584.89,80,,,,,,,,1
1321,472,Contents,Water Damage,3/9/2023,145938,79661,75,Repudiated,Y,N,Building,,,,,1275.54,40,,,,,,,,0.5459
1322,1811,Motor,Weather,6/24/2025,40064,40064,55,Approved,Y,N,All Risk,,,,,1459.2,17,24,5,Y,Y,N,0,Driver meets policy requirements,1
1323,1272,Contents,Accidental Damage,8/29/2025,40936,35121,84,Repudiated,N,N,Motor,Open Driver,45,Y,Business,1946,27,,,,,,,,0.8579
1324,1436,Motor,Glass Damage,12/20/2023,91535,91535,55,Approved,Y,N,All Risk,,,,,1928.65,34,74,17,Y,Y,N,0,Driver meets policy requirements,1
1325,1352,Motor,Glass Damage,3/22/2025,15757,15757,18,Approved,Y,N,Building,,,,,1278.35,76,25,3,Y,Y,N,0,Driver meets policy requirements,1
1326,162,Contents,Accidental Damage,8/23/2024,117413,117413,53,Approved,N,N,Motor,Named Driver,55,N,Business,1124.72,53,,,,,,,,1
1327,1939,Motor,Weather,8/12/2023,32000,32000,10,Approved,Y,N,Building,,,,,1745.08,25,35,1,Y,Y,N,0,Driver meets policy requirements,1
1328,404,Contents,Fire,2/9/2025,38237,38237,46,Approved,Y,N,Contents,,,,,1998.42,92,,,,,,,,1
1329,1927,Motor,Fire & Explosion,5/23/2025,108336,108336,28,Approved,Y,N,Contents,,,,,1038.07,91,42,4,Y,Y,N,0,Driver meets policy requirements,1
1330,232,Motor,Glass Damage,12/30/2024,145897,42575,74,Repudiated,Y,Y,All Risk,,,,,2085.2,26,61,35,Y,Y,N,0,Driver meets policy requirements,0.2918
1331,417,Motor,Weather,8/31/2024,30754,30754,20,Approved,Y,Y,Building,,,,,1207.72,13,34,13,Y,Y,N,0,Driver meets policy requirements,1
1332,682,Contents,Fire,9/9/2024,86000,29403,64,Pending,Y,N,Contents,,,,,982.15,79,,,,,,,,0.3419
1333,1814,Building,Fire,8/27/2025,72693,72693,11,Approved,Y,N,Motor,Named Driver,61,N,Business,1824.6,50,,,,,,,,1
1334,1435,Contents,Malicious Damage,1/9/2025,29586,11177,80,Repudiated,Y,N,Contents,,,,,2313.56,26,,,,,,,,0.3778
1335,895,All Risk,Accidental Loss,8/2/2025,58096,58096,24,Approved,N,N,All Risk,,,,,1477.81,77,,,,,,,,1
1336,514,Contents,Fire,6/21/2024,115673,115673,17,Approved,N,Y,All Risk,,,,,263.03,93,,,,,,,,1
1337,1531,Building,Fire,10/17/2023,74887,74887,48,Approved,Y,Y,Motor,Named Driver,68,N,Private,818.25,13,,,,,,,,1
1338,667,All Risk,Accidental Loss,2/24/2025,115420,101789,93,Repudiated,N,Y,Contents,,,,,356.9,46,,,,,,,,0.8819
1339,292,All Risk,Fire,1/22/2025,109390,39875,88,Repudiated,Y,Y,Building,,,,,1242.02,68,,,,,,,,0.3645
1340,1518,All Risk,Accidental Loss,2/23/2023,74151,56494,74,Pending,N,N,Building,,,,,1377.68,6,,,,,,,,0.7619
1341,1102,Contents,Water Damage,9/15/2023,71903,71163,65,Pending,N,N,Building,,,,,2470.75,49,,,,,,,,0.9897
1342,944,Building,Malicious Damage,1/13/2024,135216,135216,28,Approved,Y,Y,Motor,Named Driver,48,N,Business,1747.17,13,,,,,,,,1
1343,1670,Building,Fire,1/25/2025,86376,86376,15,Approved,N,N,All Risk,,,,,1054.6,85,,,,,,,,1
1344,1388,All Risk,Theft,3/25/2024,51326,51326,51,Approved,Y,Y,Motor,Named Driver,64,Y,Private,375.01,34,,,,,,,,1
1345,510,Building,Fire,12/12/2025,26957,10680,77,Repudiated,N,Y,Building,,,,,1964.32,79,,,,,,,,0.3962
1346,692,Motor,Theft & Hijacking,10/30/2025,108502,0,29,Repudiated,Y,N,Motor,Open Driver,49,N,Business,1928.71,45,57,35,Y,N,N,0,Invalid driver licence,0
1347,1132,Building,Fire,9/26/2023,79279,33332,63,Pending,Y,Y,All Risk,,,,,374.44,50,,,,,,,,0.4204
1348,158,Motor,Fire & Explosion,8/29/2025,139725,71592,66,Pending,N,N,Contents,,,,,833.92,50,26,2,Y,Y,N,0,Driver meets policy requirements,0.5124
1349,1245,Contents,Accidental Damage,12/7/2023,28872,28872,46,Approved,N,N,Motor,Named Driver,67,N,Private,1145.3,64,,,,,,,,1
1350,1222,Motor,Fire & Explosion,6/29/2023,27681,27681,56,Approved,N,N,Contents,,,,,2010.62,20,35,2,Y,Y,N,0,Driver meets policy requirements,1
1351,1929,Building,Malicious Damage,9/10/2025,130118,130118,30,Approved,N,Y,Motor,Named Driver,54,Y,Private,1154.89,21,,,,,,,,1
1352,1008,Contents,Fire,3/7/2025,36188,36188,45,Approved,N,Y,All Risk,,,,,2381.21,69,,,,,,,,1
1353,828,Building,Malicious Damage,6/1/2024,83946,83946,11,Approved,Y,N,Motor,Named Driver,57,N,Private,1172.79,32,,,,,,,,1
1354,711,Contents,Accidental Damage,11/5/2023,95067,95067,12,Approved,N,Y,Building,,,,,1115.08,58,,,,,,,,1
1355,1540,Contents,Malicious Damage,8/20/2024,145568,145568,15,Approved,N,N,Motor,Open Driver,67,N,Private,757.86,46,,,,,,,,1
1356,40,Building,Fire,11/24/2025,79442,15981,77,Pending,N,Y,Motor,Open Driver,21,N,Business,1034.25,34,,,,,,,,0.2012
1357,1160,Motor,Accidental Damage,4/19/2023,130815,0,16,Repudiated,Y,N,Motor,Named Driver,70,Y,Private,1952.98,25,65,1,N,N,N,0,Incident driver not listed on named-driver policy,0
1358,1441,All Risk,Fire,12/11/2023,70632,70632,35,Approved,N,Y,Motor,Named Driver,41,Y,Private,615.59,68,,,,,,,,1
1359,233,Motor,Glass Damage,6/14/2024,47998,5022,65,Pending,Y,Y,Contents,,,,,2365.25,13,72,23,Y,Y,N,0,Driver meets policy requirements,0.1046
1360,1474,Motor,Accidental Damage,9/26/2025,20946,20946,58,Approved,N,N,Contents,,,,,538.21,70,60,22,Y,Y,N,0,Driver meets policy requirements,1
1361,1991,Motor,Glass Damage,1/23/2023,44888,44888,47,Approved,N,N,Contents,,,,,615.2,12,27,0,Y,Y,N,0,Driver meets policy requirements,1
1362,509,Building,Storm,7/21/2025,129486,129486,41,Approved,Y,Y,Building,,,,,1064.57,26,,,,,,,,1
1363,1147,All Risk,Theft,3/24/2023,61523,17809,90,Repudiated,N,Y,All Risk,,,,,1501.12,45,,,,,,,,0.2895
1364,703,All Risk,Theft,3/8/2024,13467,13467,53,Approved,N,Y,Contents,,,,,599.05,11,,,,,,,,1
1365,388,All Risk,Fire,7/21/2023,125065,105683,62,Repudiated,N,Y,All Risk,,,,,842,87,,,,,,,,0.845
1366,726,Contents,Fire,11/15/2024,100141,78451,71,Pending,N,Y,Motor,Named Driver,45,N,Business,2138.13,11,,,,,,,,0.7834
1367,209,Motor,Weather,9/8/2023,132534,0,90,Repudiated,Y,Y,Motor,Named Driver,61,N,Private,1865.42,49,64,38,Y,N,N,0,Invalid driver licence,0
1368,659,Motor,Glass Damage,3/20/2023,89899,22121,65,Repudiated,Y,N,Motor,Open Driver,57,Y,Business,339.56,42,65,46,Y,Y,N,0,Driver meets policy requirements,0.2461
1369,685,Motor,Theft & Hijacking,6/10/2024,109062,106562,11,Approved with Additional Excess,N,N,Contents,,,,,2348.01,45,24,0,Y,Y,Y,2500,Eligible claim with additional excess: driver under 25 and licence held less than 2 years,0.9771
1370,174,Motor,Glass Damage,3/23/2023,104586,0,51,Repudiated,Y,N,Motor,Named Driver,67,N,Private,1469.5,32,62,17,Y,N,N,0,Invalid driver licence,0
1371,151,Motor,Fire & Explosion,3/29/2024,118531,87799,78,Pending,N,N,Contents,,,,,1871.42,27,63,44,Y,Y,N,0,Driver meets policy requirements,0.7407
1372,1657,All Risk,Accidental Loss,1/8/2024,67173,67173,35,Approved,N,Y,All Risk,,,,,1579.46,29,,,,,,,,1
1373,1123,Contents,Water Damage,5/24/2023,98064,39890,70,Pending,Y,N,All Risk,,,,,1674.75,41,,,,,,,,0.4068
1374,744,Building,Fire,6/19/2023,42772,14382,71,Pending,N,Y,Contents,,,,,519.82,46,,,,,,,,0.3362
1375,1430,Building,Storm,12/9/2025,145083,89298,77,Repudiated,Y,N,Building,,,,,797.96,22,,,,,,,,0.6155
1376,1191,Building,Fire,12/1/2024,141515,141515,47,Approved,N,N,Motor,Open Driver,57,N,Private,884.24,67,,,,,,,,1
1377,1975,Building,Storm,1/31/2025,127663,74392,63,Pending,Y,Y,Motor,Open Driver,60,Y,Private,2121.12,38,,,,,,,,0.5827
1378,394,Contents,Accidental Damage,2/17/2025,35050,13419,68,Pending,N,N,All Risk,,,,,511.22,16,,,,,,,,0.3829
1379,268,Motor,Weather,7/27/2025,137946,137946,52,Approved,Y,N,Building,,,,,518.38,56,68,0,Y,Y,N,0,Driver meets policy requirements,1
1380,1690,Contents,Malicious Damage,8/7/2025,30298,10330,92,Repudiated,N,Y,Contents,,,,,2453.95,83,,,,,,,,0.3409
1381,635,Building,Flood,8/16/2025,55772,55772,15,Approved,Y,Y,All Risk,,,,,1080.57,66,,,,,,,,1
1382,362,Motor,Fire & Explosion,3/14/2025,148975,148975,36,Approved,N,N,Contents,,,,,936.68,70,54,9,Y,Y,N,0,Driver meets policy requirements,1
1383,1513,All Risk,Accidental Loss,5/2/2024,27554,13515,62,Repudiated,N,N,Building,,,,,2308.45,14,,,,,,,,0.4905
1384,1025,Contents,Burglary,1/8/2024,138742,36853,91,Repudiated,Y,Y,All Risk,,,,,909.12,9,,,,,,,,0.2656
1385,1665,Building,Water Damage,12/7/2024,125073,125073,14,Approved,N,Y,Motor,Named Driver,52,Y,Business,616.9,55,,,,,,,,1
1386,744,Building,Flood,3/16/2025,43714,43714,11,Approved,Y,N,Contents,,,,,519.82,46,,,,,,,,1
1387,435,Motor,Accidental Damage,9/14/2023,27444,27444,17,Approved,N,N,Motor,Named Driver,34,Y,Private,2224.28,31,39,10,Y,Y,N,0,Driver meets policy requirements,1
1388,1514,Contents,Water Damage,4/4/2023,144178,127360,79,Pending,N,Y,All Risk,,,,,713.14,75,,,,,,,,0.8834
1389,78,Contents,Malicious Damage,12/1/2024,140097,140097,10,Approved,N,Y,Motor,Named Driver,62,N,Private,1909.65,87,,,,,,,,1
1390,1273,Motor,Glass Damage,8/23/2025,26750,25940,63,Pending,N,Y,Motor,Open Driver,67,Y,Private,1707.69,56,71,0,Y,Y,N,0,Driver meets policy requirements,0.9697
1391,373,Building,Water Damage,6/18/2024,23528,3808,74,Pending,Y,Y,Motor,Named Driver,50,N,Private,889.16,23,,,,,,,,0.1618
1392,1584,Building,Water Damage,8/17/2023,81259,81259,36,Approved,N,Y,All Risk,,,,,281.22,46,,,,,,,,1
1393,11,Building,Water Damage,2/25/2024,71290,71290,21,Approved,N,N,Motor,Named Driver,41,N,Business,503.07,81,,,,,,,,1
1394,1802,Motor,Fire & Explosion,7/28/2023,89176,89176,42,Approved,N,Y,All Risk,,,,,793.35,10,29,1,Y,Y,N,0,Driver meets policy requirements,1
1395,1639,Contents,Water Damage,8/5/2024,48026,48026,25,Approved,N,N,Motor,Open Driver,72,N,Private,2371.48,6,,,,,,,,1
1396,1942,All Risk,Theft,4/9/2023,20747,20747,38,Approved,N,Y,Motor,Named Driver,46,Y,Business,1495.19,46,,,,,,,,1
1397,394,Building,Malicious Damage,9/16/2025,34086,10583,66,Pending,N,Y,All Risk,,,,,511.22,16,,,,,,,,0.3105
1398,1755,All Risk,Fire,12/20/2023,43754,35305,94,Repudiated,Y,N,Contents,,,,,957.32,46,,,,,,,,0.8069
1399,512,Building,Malicious Damage,4/6/2024,117448,117448,57,Approved,N,N,All Risk,,,,,829.01,15,,,,,,,,1
1400,1531,All Risk,Travel Risk,7/7/2023,111961,111961,36,Approved,Y,Y,Motor,Named Driver,68,N,Private,818.25,13,,,,,,,,1
1401,993,Building,Flood,9/27/2024,51145,51145,37,Approved,N,Y,Motor,Open Driver,26,N,Business,857.23,41,,,,,,,,1
1402,1318,All Risk,Theft,7/26/2025,91450,1160,69,Pending,Y,Y,Contents,,,,,2341.39,87,,,,,,,,0.0127
1403,1185,Contents,Fire,4/14/2025,116455,116455,54,Approved,N,N,Contents,,,,,1875.47,74,,,,,,,,1
1404,1437,All Risk,Travel Risk,10/31/2025,144663,68093,77,Pending,N,Y,Motor,Open Driver,25,N,Private,1366.82,8,,,,,,,,0.4707
1405,1275,All Risk,Theft,6/11/2024,136405,88050,89,Repudiated,N,N,Contents,,,,,1074.76,68,,,,,,,,0.6455
1406,896,Motor,Fire & Explosion,11/16/2023,58902,0,12,Repudiated,Y,Y,Motor,Named Driver,44,Y,Business,1340.85,47,45,19,N,N,N,0,Incident driver not listed on named-driver policy,0
1407,1091,All Risk,Theft,6/6/2025,80040,80040,60,Approved,Y,Y,Motor,Named Driver,63,N,Business,1319.17,68,,,,,,,,1
1408,1940,Contents,Malicious Damage,7/4/2024,106807,106807,51,Approved,N,N,All Risk,,,,,1325.96,76,,,,,,,,1
1409,1733,Contents,Accidental Damage,7/22/2024,86849,58077,61,Pending,Y,N,All Risk,,,,,410.79,80,,,,,,,,0.6687
1410,426,Building,Water Damage,7/5/2023,94974,15696,77,Pending,N,N,Contents,,,,,998.37,53,,,,,,,,0.1653
1411,152,Contents,Burglary,2/13/2023,74609,59127,77,Pending,Y,N,All Risk,,,,,601.48,5,,,,,,,,0.7925
1412,216,Contents,Burglary,10/5/2023,86219,86219,44,Approved,Y,Y,Building,,,,,1734.89,69,,,,,,,,1
1413,1249,Motor,Theft & Hijacking,11/10/2025,67981,322,68,Repudiated,N,N,Building,,,,,1850.04,16,75,41,Y,Y,N,0,Driver meets policy requirements,0.0047
1414,775,All Risk,Fire,1/15/2024,108879,100618,95,Repudiated,N,N,Contents,,,,,583.75,53,,,,,,,,0.9241
1415,1369,Motor,Glass Damage,1/4/2025,43565,17714,62,Repudiated,Y,Y,Contents,,,,,880.2,45,56,4,Y,Y,N,0,Driver meets policy requirements,0.4066
1416,1207,Motor,Theft & Hijacking,3/6/2024,141607,141607,12,Approved,Y,N,Contents,,,,,1116.57,27,39,11,Y,Y,N,0,Driver meets policy requirements,1
1417,612,Building,Water Damage,5/30/2023,32548,32548,44,Approved,Y,N,All Risk,,,,,1405.78,93,,,,,,,,1
1418,329,Motor,Glass Damage,11/30/2023,104529,104529,44,Approved,N,Y,Building,,,,,1354.26,38,65,19,Y,Y,N,0,Driver meets policy requirements,1
1419,1387,Motor,Weather,4/2/2025,82668,6074,67,Repudiated,N,N,Building,,,,,726.72,74,50,18,Y,Y,N,0,Driver meets policy requirements,0.0735
1420,1972,Motor,Weather,6/8/2024,25865,25865,18,Approved,Y,N,Motor,Named Driver,40,Y,Private,2081.86,44,37,0,Y,Y,N,0,Driver meets policy requirements,1
1421,1631,All Risk,Accidental Loss,3/26/2024,99635,99635,49,Approved,Y,N,Motor,Open Driver,67,Y,Private,334.92,83,,,,,,,,1
1422,1479,Contents,Fire,10/29/2023,7227,3533,92,Repudiated,N,Y,Motor,Open Driver,28,Y,Business,2477.64,54,,,,,,,,0.4889
1423,1160,Contents,Burglary,4/25/2023,50225,20958,73,Repudiated,Y,N,Motor,Named Driver,70,Y,Private,1952.98,25,,,,,,,,0.4173
1424,1650,Motor,Theft & Hijacking,11/20/2023,26324,26324,45,Approved,N,Y,Building,,,,,2229.58,38,45,20,Y,Y,N,0,Driver meets policy requirements,1
1425,275,All Risk,Travel Risk,12/30/2023,99131,99131,40,Approved,N,Y,Motor,Named Driver,71,Y,Private,2148.72,93,,,,,,,,1
1426,281,Building,Storm,3/25/2024,49185,49185,40,Approved,N,Y,Contents,,,,,1207.82,31,,,,,,,,1
1427,276,Motor,Glass Damage,1/25/2023,36263,5202,78,Repudiated,Y,N,All Risk,,,,,1851.22,52,30,12,Y,Y,N,0,Driver meets policy requirements,0.1435
1428,1028,Building,Fire,11/25/2023,49063,11507,64,Repudiated,N,Y,All Risk,,,,,1055.44,27,,,,,,,,0.2345
1429,323,Motor,Glass Damage,2/21/2025,60173,60173,51,Approved,N,N,Building,,,,,1337.82,68,57,0,Y,Y,N,0,Driver meets policy requirements,1
1430,1753,Building,Fire,5/24/2024,127484,127484,58,Approved,N,N,Contents,,,,,896.21,45,,,,,,,,1
1431,765,Contents,Fire,5/23/2024,132101,132101,40,Approved,Y,Y,All Risk,,,,,751.9,71,,,,,,,,1
1432,578,Motor,Glass Damage,6/11/2024,99088,99088,55,Approved,N,N,All Risk,,,,,992.89,20,27,4,Y,Y,N,0,Driver meets policy requirements,1
1433,239,Building,Water Damage,10/1/2023,9431,9431,37,Approved,N,Y,Building,,,,,658.41,71,,,,,,,,1
1434,467,Contents,Accidental Damage,11/11/2024,88005,88005,41,Approved,Y,Y,All Risk,,,,,707.78,21,,,,,,,,1
1435,99,Building,Flood,3/23/2025,19891,19891,40,Approved,Y,N,Building,,,,,2475.48,27,,,,,,,,1
1436,600,All Risk,Accidental Loss,9/30/2024,139502,139502,39,Approved,N,N,Contents,,,,,1303.49,14,,,,,,,,1
1437,1780,Building,Storm,11/3/2025,80034,56155,91,Repudiated,N,Y,Building,,,,,2471.95,31,,,,,,,,0.7016
1438,1214,Contents,Accidental Damage,8/10/2025,113177,113177,22,Approved,N,Y,All Risk,,,,,1118.86,90,,,,,,,,1
1439,845,All Risk,Fire,4/5/2024,3297,1066,88,Repudiated,Y,N,Contents,,,,,478.64,46,,,,,,,,0.3233
1440,1262,Building,Flood,9/7/2025,20244,20244,60,Approved,Y,Y,Building,,,,,950.39,77,,,,,,,,1
1441,256,Motor,Weather,10/2/2023,61808,61808,30,Approved,Y,Y,Contents,,,,,265.55,16,65,3,Y,Y,N,0,Driver meets policy requirements,1
1442,189,All Risk,Accidental Loss,1/20/2024,44554,44554,59,Approved,Y,Y,Building,,,,,957.7,81,,,,,,,,1
1443,580,All Risk,Accidental Loss,7/2/2023,128936,128936,16,Approved,N,Y,Building,,,,,464.56,18,,,,,,,,1
1444,1981,Contents,Burglary,9/17/2024,120759,48369,76,Pending,Y,N,Contents,,,,,2006.87,56,,,,,,,,0.4005
1445,620,Contents,Water Damage,6/6/2025,93076,31700,61,Pending,Y,N,Building,,,,,1891.88,57,,,,,,,,0.3406
1446,921,Contents,Malicious Damage,2/16/2023,3406,114,74,Repudiated,N,N,Contents,,,,,920.97,76,,,,,,,,0.0335
1447,1411,All Risk,Travel Risk,7/7/2025,134979,134979,10,Approved,Y,Y,All Risk,,,,,1467.59,78,,,,,,,,1
1448,173,All Risk,Accidental Loss,12/24/2023,38681,22614,62,Pending,N,Y,Contents,,,,,1393.38,68,,,,,,,,0.5846
1449,1513,Contents,Water Damage,3/28/2023,84863,84863,35,Approved,Y,N,Building,,,,,2308.45,14,,,,,,,,1
1450,564,All Risk,Accidental Loss,12/25/2023,19514,19514,22,Approved,Y,N,All Risk,,,,,1158.82,48,,,,,,,,1
1451,260,Motor,Weather,8/28/2024,20769,5236,80,Repudiated,N,Y,Contents,,,,,2311.82,82,72,0,Y,Y,N,0,Driver meets policy requirements,0.2521
1452,1992,Contents,Malicious Damage,6/6/2025,73939,34984,87,Repudiated,N,Y,Building,,,,,1736.31,45,,,,,,,,0.4731
1453,403,All Risk,Travel Risk,12/1/2023,126296,122334,83,Repudiated,Y,N,All Risk,,,,,1398.84,41,,,,,,,,0.9686
1454,237,Building,Fire,3/4/2024,44819,44819,24,Approved,Y,Y,Motor,Named Driver,71,N,Private,881.01,73,,,,,,,,1
1455,475,All Risk,Theft,1/17/2024,17449,1093,89,Repudiated,N,N,Contents,,,,,1050.19,21,,,,,,,,0.0626
1456,1443,Motor,Fire & Explosion,5/22/2024,57734,57734,39,Approved,Y,Y,Motor,Open Driver,51,Y,Private,1830.28,13,58,1,Y,Y,N,0,Driver meets policy requirements,1
1457,1703,Motor,Weather,8/12/2023,122753,0,37,Repudiated,Y,Y,Motor,Open Driver,65,N,Private,2176.67,73,62,0,Y,N,N,0,Invalid driver licence,0
1458,934,All Risk,Travel Risk,11/13/2024,69022,69022,38,Approved,N,N,All Risk,,,,,582.1,68,,,,,,,,1
1459,1435,Contents,Fire,12/12/2025,128287,128287,45,Approved,N,Y,Contents,,,,,2313.56,26,,,,,,,,1
1460,1007,Building,Storm,9/12/2024,58137,58137,16,Approved,N,N,All Risk,,,,,2136.38,18,,,,,,,,1
1461,1130,Contents,Fire,2/18/2025,92323,35266,91,Repudiated,N,N,Motor,Named Driver,30,N,Business,646.25,36,,,,,,,,0.382
1462,609,Contents,Fire,10/26/2024,71882,11998,66,Repudiated,N,N,Building,,,,,1918.58,81,,,,,,,,0.1669
1463,872,Contents,Accidental Damage,4/21/2025,115623,115623,40,Approved,N,N,All Risk,,,,,1030.43,66,,,,,,,,1
1464,73,Building,Malicious Damage,6/2/2025,17766,17766,51,Approved,N,N,Building,,,,,964.74,34,,,,,,,,1
1465,1001,All Risk,Travel Risk,6/29/2025,29097,11894,69,Pending,Y,N,Motor,Open Driver,71,N,Private,773.15,7,,,,,,,,0.4088
1466,1804,All Risk,Theft,9/2/2024,64157,64157,45,Approved,Y,N,Contents,,,,,2307.33,95,,,,,,,,1
1467,470,Building,Malicious Damage,9/3/2023,26193,1445,93,Repudiated,Y,Y,All Risk,,,,,743.4,11,,,,,,,,0.0552
1468,436,All Risk,Fire,2/24/2024,107951,107951,35,Approved,Y,Y,Contents,,,,,1411.33,36,,,,,,,,1
1469,703,Building,Flood,4/21/2023,105656,105656,60,Approved,Y,Y,Contents,,,,,599.05,11,,,,,,,,1
1470,600,Building,Flood,9/24/2023,94002,94002,26,Approved,N,Y,Contents,,,,,1303.49,14,,,,,,,,1
1471,312,Motor,Accidental Damage,9/27/2025,48282,48282,42,Approved,Y,N,Motor,Named Driver,61,Y,Business,1634.48,50,60,33,Y,Y,N,0,Driver meets policy requirements,1
1472,1069,Contents,Accidental Damage,2/1/2024,98397,98397,19,Approved,Y,Y,Building,,,,,1912.62,6,,,,,,,,1
1473,530,Motor,Accidental Damage,6/17/2023,30430,9985,64,Repudiated,Y,Y,All Risk,,,,,551.86,64,73,4,Y,Y,N,0,Driver meets policy requirements,0.3281
1474,1786,Contents,Burglary,12/23/2024,88863,67274,94,Repudiated,Y,N,All Risk,,,,,2041.3,28,,,,,,,,0.7571
1475,541,Motor,Glass Damage,7/27/2023,73721,73721,34,Approved,N,N,All Risk,,,,,605.55,91,52,30,Y,Y,N,0,Driver meets policy requirements,1
1476,1037,Building,Malicious Damage,6/13/2024,111562,111562,42,Approved,Y,Y,Motor,Open Driver,20,Y,Business,985.33,34,,,,,,,,1
1477,351,Contents,Burglary,7/30/2024,79830,79830,44,Approved,Y,N,Motor,Open Driver,48,N,Private,269.13,82,,,,,,,,1
1478,457,All Risk,Accidental Loss,12/8/2025,13869,11409,84,Repudiated,N,N,All Risk,,,,,1455.18,74,,,,,,,,0.8226
1479,324,Contents,Accidental Damage,1/22/2024,58641,58641,17,Approved,N,Y,All Risk,,,,,1061.91,7,,,,,,,,1
1480,528,Motor,Glass Damage,8/2/2025,42928,42928,12,Approved,N,Y,Contents,,,,,263.8,68,56,27,Y,Y,N,0,Driver meets policy requirements,1
1481,1445,Building,Storm,10/25/2024,119430,119430,28,Approved,Y,N,All Risk,,,,,483.25,20,,,,,,,,1
1482,1178,Building,Malicious Damage,2/18/2023,52965,52965,37,Approved,Y,Y,All Risk,,,,,2488.49,81,,,,,,,,1
1483,1971,Contents,Accidental Damage,5/30/2025,10695,4153,73,Pending,Y,N,Contents,,,,,1154.41,52,,,,,,,,0.3883
1484,37,All Risk,Fire,5/17/2025,65373,65373,44,Approved,N,Y,Contents,,,,,311.85,60,,,,,,,,1
1485,655,Contents,Fire,4/30/2023,123591,123591,40,Approved,Y,N,Building,,,,,621.05,25,,,,,,,,1
1486,1780,Contents,Malicious Damage,8/18/2023,144186,144186,38,Approved,N,Y,Building,,,,,2471.95,31,,,,,,,,1
1487,573,Contents,Water Damage,3/8/2024,104304,104304,18,Approved,N,N,Building,,,,,1501.33,82,,,,,,,,1
1488,1185,Contents,Water Damage,9/11/2025,63005,63005,30,Approved,Y,Y,Contents,,,,,1875.47,74,,,,,,,,1
1489,1719,All Risk,Fire,3/12/2023,35469,35469,49,Approved,N,N,Contents,,,,,1771.3,80,,,,,,,,1
1490,53,Building,Storm,12/4/2025,28011,22668,65,Repudiated,Y,N,All Risk,,,,,2332.44,42,,,,,,,,0.8093
1491,1842,All Risk,Accidental Loss,3/5/2025,71475,19049,91,Repudiated,N,N,Building,,,,,1482.88,66,,,,,,,,0.2665
1492,1381,Motor,Weather,7/29/2024,60569,54228,75,Repudiated,N,N,Contents,,,,,1411.4,29,23,3,Y,Y,N,0,Driver meets policy requirements,0.8953
1493,1465,All Risk,Fire,4/29/2024,103630,103630,29,Approved,Y,N,Contents,,,,,1192.57,83,,,,,,,,1
1494,1767,Contents,Accidental Damage,7/4/2024,88104,88104,10,Approved,N,N,All Risk,,,,,1116.43,41,,,,,,,,1
1495,521,Contents,Burglary,6/11/2023,139683,139683,40,Approved,Y,N,All Risk,,,,,274.82,8,,,,,,,,1
1496,1761,Building,Malicious Damage,5/22/2025,102727,102727,35,Approved,Y,Y,Contents,,,,,2095.41,65,,,,,,,,1
1497,362,Motor,Weather,7/15/2025,95813,95813,15,Approved,Y,Y,Contents,,,,,936.68,70,37,1,Y,Y,N,0,Driver meets policy requirements,1
1498,1143,Contents,Water Damage,3/18/2023,14517,14517,55,Approved,N,Y,Building,,,,,2452.1,48,,,,,,,,1
1499,1939,Building,Storm,4/22/2024,18569,18569,28,Approved,N,Y,Building,,,,,1745.08,25,,,,,,,,1
1500,1740,Building,Storm,4/15/2025,147672,147672,16,Approved,N,N,All Risk,,,,,674.49,43,,,,,,,,1
1501,918,All Risk,Theft,4/20/2025,34235,34235,33,Approved,N,N,Contents,,,,,1540.18,86,,,,,,,,1
1502,65,All Risk,Fire,7/16/2024,105377,105377,53,Approved,N,N,Building,,,,,1620.91,89,,,,,,,,1
1503,863,Contents,Malicious Damage,9/1/2024,113009,37870,87,Repudiated,Y,Y,Building,,,,,1265.38,43,,,,,,,,0.3351
1504,1602,Motor,Accidental Damage,5/10/2024,70030,70030,42,Approved,Y,Y,Contents,,,,,624.41,43,41,1,Y,Y,N,0,Driver meets policy requirements,1
1505,871,Contents,Water Damage,8/4/2023,55159,55159,50,Approved,N,N,Building,,,,,1560.76,84,,,,,,,,1
1506,978,Contents,Fire,7/4/2023,139488,139488,51,Approved,N,N,Building,,,,,2037.76,86,,,,,,,,1
1507,1385,Motor,Glass Damage,12/25/2024,120426,120426,57,Approved,N,Y,Motor,Named Driver,50,Y,Private,745.51,16,49,10,Y,Y,N,0,Driver meets policy requirements,1
1508,1798,Motor,Weather,2/13/2025,3596,3596,24,Approved,N,N,Contents,,,,,2240.63,56,27,2,Y,Y,N,0,Driver meets policy requirements,1
1509,1584,Contents,Burglary,11/18/2023,112339,112339,20,Approved,Y,N,All Risk,,,,,281.22,46,,,,,,,,1
1510,1147,All Risk,Fire,2/18/2025,135235,135235,38,Approved,N,Y,All Risk,,,,,1501.12,45,,,,,,,,1
1511,125,Building,Storm,10/23/2024,141853,64430,95,Repudiated,N,N,All Risk,,,,,1867.69,91,,,,,,,,0.4542
1512,306,Motor,Accidental Damage,5/21/2023,135575,0,54,Repudiated,Y,N,Motor,Named Driver,49,N,Private,1509.85,72,48,0,Y,N,N,0,Invalid driver licence,0
1513,102,Contents,Malicious Damage,10/19/2025,71724,71724,12,Approved,N,N,Contents,,,,,823.46,61,,,,,,,,1
1514,754,Motor,Weather,4/22/2025,149045,114378,86,Repudiated,N,Y,Contents,,,,,1722.06,67,53,1,Y,Y,N,0,Driver meets policy requirements,0.7674
1515,1170,Building,Malicious Damage,3/11/2023,105254,105254,28,Approved,Y,Y,Building,,,,,1228.9,5,,,,,,,,1
1516,1491,Contents,Accidental Damage,10/16/2024,27701,14732,66,Repudiated,Y,N,Motor,Open Driver,24,Y,Business,1334.6,47,,,,,,,,0.5318
1517,498,Contents,Malicious Damage,3/26/2023,137969,137969,58,Approved,N,N,Contents,,,,,680.27,21,,,,,,,,1
1518,1735,Contents,Fire,9/25/2025,75664,75664,49,Approved,Y,N,Motor,Open Driver,49,N,Business,267.84,6,,,,,,,,1
1519,1931,Motor,Accidental Damage,1/8/2024,62227,62227,37,Approved,Y,N,Contents,,,,,1768.55,88,37,1,Y,Y,N,0,Driver meets policy requirements,1
1520,1240,All Risk,Travel Risk,4/22/2023,53030,8036,73,Repudiated,N,N,Building,,,,,1196.02,84,,,,,,,,0.1515
1521,1424,Contents,Malicious Damage,4/21/2024,115149,115149,11,Approved,N,N,Building,,,,,1406.6,86,,,,,,,,1
1522,459,Motor,Glass Damage,6/11/2025,43410,32260,76,Pending,Y,Y,Building,,,,,2059.46,60,69,36,Y,Y,N,0,Driver meets policy requirements,0.7431
1523,232,All Risk,Travel Risk,6/18/2023,99755,99755,59,Approved,Y,Y,All Risk,,,,,2085.2,26,,,,,,,,1
1524,1085,All Risk,Travel Risk,1/6/2023,26905,26905,35,Approved,Y,Y,All Risk,,,,,1742.1,17,,,,,,,,1
1525,1622,Building,Storm,1/27/2025,86325,60727,69,Repudiated,Y,N,Building,,,,,1956.06,67,,,,,,,,0.7035
1526,1098,Building,Storm,3/17/2023,109647,109647,42,Approved,N,Y,Building,,,,,251.35,65,,,,,,,,1
1527,302,Motor,Fire & Explosion,8/10/2023,38062,35562,35,Approved with Additional Excess,N,Y,Building,,,,,944.16,24,23,1,Y,Y,Y,2500,Eligible claim with additional excess: driver under 25 and licence held less than 2 years,0.9343
1528,1564,All Risk,Theft,5/8/2024,144894,24566,86,Repudiated,N,N,All Risk,,,,,510.11,16,,,,,,,,0.1695
1529,481,Building,Malicious Damage,11/9/2024,139683,115758,76,Pending,N,N,All Risk,,,,,767.58,87,,,,,,,,0.8287
1530,1982,All Risk,Theft,8/16/2023,98792,8686,65,Repudiated,N,N,Motor,Named Driver,50,Y,Business,785.02,91,,,,,,,,0.0879
1531,1706,Building,Malicious Damage,7/2/2023,39350,39350,31,Approved,N,N,Contents,,,,,1175.89,13,,,,,,,,1
1532,15,Building,Malicious Damage,8/11/2024,133484,133484,46,Approved,N,Y,Contents,,,,,315.18,84,,,,,,,,1
1533,3,All Risk,Accidental Loss,6/22/2024,106680,106680,27,Approved,Y,Y,All Risk,,,,,2214.25,72,,,,,,,,1
1534,8,Building,Water Damage,1/29/2024,107068,107068,45,Approved,N,Y,Motor,Named Driver,69,N,Private,2387.47,94,,,,,,,,1
1535,73,All Risk,Fire,6/10/2025,128958,128934,87,Repudiated,Y,Y,Building,,,,,964.74,34,,,,,,,,0.9998
1536,1634,Motor,Fire & Explosion,10/7/2025,140033,140033,18,Approved,Y,N,Building,,,,,2400.54,53,31,3,Y,Y,N,0,Driver meets policy requirements,1
1537,1201,Motor,Theft & Hijacking,8/14/2024,113366,113366,39,Approved,N,N,All Risk,,,,,584.76,13,29,3,Y,Y,N,0,Driver meets policy requirements,1
1538,1578,Building,Fire,9/24/2024,55077,36353,76,Pending,Y,N,All Risk,,,,,1391.75,19,,,,,,,,0.66
1539,1211,Contents,Fire,11/5/2024,34371,34371,22,Approved,Y,N,Motor,Open Driver,30,N,Private,2360.2,43,,,,,,,,1
1540,1010,Building,Storm,2/12/2025,91800,89262,62,Repudiated,Y,Y,All Risk,,,,,322.04,65,,,,,,,,0.9724
1541,904,Building,Water Damage,2/8/2023,37805,4915,82,Repudiated,N,Y,Contents,,,,,976.74,59,,,,,,,,0.13
1542,139,Motor,Theft & Hijacking,10/9/2023,28581,0,75,Repudiated,N,Y,Motor,Named Driver,39,N,Private,2101.28,32,37,5,Y,N,N,0,Invalid driver licence,0
1543,917,Building,Malicious Damage,2/7/2025,147888,452,91,Repudiated,N,Y,Contents,,,,,773.07,25,,,,,,,,0.0031
1544,693,Motor,Fire & Explosion,4/23/2025,142315,142315,43,Approved,N,Y,Motor,Named Driver,20,Y,Private,1853.18,36,28,0,Y,Y,N,0,Driver meets policy requirements,1
1545,1302,Building,Water Damage,6/11/2023,55123,55123,39,Approved,Y,Y,Contents,,,,,686.79,48,,,,,,,,1
1546,501,Motor,Theft & Hijacking,7/22/2024,3170,3170,23,Approved,Y,Y,All Risk,,,,,1163.41,19,55,33,Y,Y,N,0,Driver meets policy requirements,1
1547,1132,Contents,Accidental Damage,4/21/2025,130889,130889,45,Approved,N,Y,All Risk,,,,,374.44,50,,,,,,,,1
1548,848,Motor,Weather,4/4/2024,49009,49009,47,Approved,Y,N,All Risk,,,,,350.52,57,65,4,Y,Y,N,0,Driver meets policy requirements,1
1549,792,Building,Flood,3/21/2023,72707,72707,23,Approved,Y,Y,Building,,,,,971.92,92,,,,,,,,1
1550,646,All Risk,Theft,6/20/2023,134859,134859,42,Approved,Y,Y,Contents,,,,,2303.03,21,,,,,,,,1
1551,1837,Contents,Accidental Damage,6/18/2024,103105,103105,38,Approved,N,N,Motor,Named Driver,60,Y,Private,289.23,78,,,,,,,,1
1552,718,All Risk,Theft,8/6/2024,36023,36023,46,Approved,N,Y,Contents,,,,,359.33,23,,,,,,,,1
1553,1917,All Risk,Theft,4/10/2025,66193,46631,74,Pending,N,Y,Building,,,,,1572.18,60,,,,,,,,0.7045
1554,725,All Risk,Accidental Loss,8/23/2025,80919,80919,37,Approved,N,Y,All Risk,,,,,1966.77,76,,,,,,,,1
1555,667,Motor,Weather,11/20/2023,95739,95739,29,Approved,Y,Y,Contents,,,,,356.9,46,65,2,Y,Y,N,0,Driver meets policy requirements,1
1556,473,Contents,Water Damage,1/3/2024,12270,12270,10,Approved,Y,Y,Motor,Named Driver,39,Y,Business,1568.97,20,,,,,,,,1
1557,1858,All Risk,Theft,8/26/2025,90931,90931,20,Approved,N,Y,Contents,,,,,2096.46,63,,,,,,,,1
1558,1120,All Risk,Theft,6/24/2025,53130,53130,38,Approved,N,Y,Contents,,,,,1132.53,18,,,,,,,,1
1559,895,All Risk,Travel Risk,4/17/2025,140706,140706,22,Approved,Y,Y,All Risk,,,,,1477.81,77,,,,,,,,1
1560,1154,All Risk,Fire,4/23/2024,55574,51732,82,Repudiated,Y,Y,Contents,,,,,2445.79,21,,,,,,,,0.9309
1561,986,Motor,Theft & Hijacking,9/5/2024,7596,7596,39,Approved,N,N,Building,,,,,2256.75,38,60,0,Y,Y,N,0,Driver meets policy requirements,1
1562,1438,Motor,Theft & Hijacking,5/13/2024,66072,66072,41,Approved,Y,Y,Contents,,,,,921.59,28,46,3,Y,Y,N,0,Driver meets policy requirements,1
1563,1493,Motor,Theft & Hijacking,8/14/2025,102063,102063,20,Approved,Y,Y,Building,,,,,531.44,31,37,16,Y,Y,N,0,Driver meets policy requirements,1
1564,1453,Motor,Theft & Hijacking,5/27/2025,113840,113840,52,Approved,Y,Y,Motor,Named Driver,66,Y,Private,1655.17,23,73,0,Y,Y,N,0,Driver meets policy requirements,1
1565,1138,All Risk,Travel Risk,1/21/2025,133895,109801,71,Repudiated,Y,Y,Motor,Named Driver,27,N,Private,1004.25,33,,,,,,,,0.8201
1566,1271,Contents,Malicious Damage,11/1/2025,77506,77506,36,Approved,N,N,All Risk,,,,,2277.04,67,,,,,,,,1
1567,1121,Contents,Burglary,10/23/2023,79077,78252,79,Pending,Y,Y,Motor,Open Driver,57,Y,Private,2075.57,11,,,,,,,,0.9896
1568,1428,All Risk,Travel Risk,11/6/2025,137075,137075,18,Approved,Y,N,Contents,,,,,1528.43,56,,,,,,,,1
1569,1098,All Risk,Travel Risk,3/24/2024,102732,102732,32,Approved,Y,N,Building,,,,,251.35,65,,,,,,,,1
1570,843,Motor,Accidental Damage,1/3/2024,81463,34502,80,Pending,Y,N,Contents,,,,,429.46,81,54,28,Y,Y,N,0,Driver meets policy requirements,0.4235
1571,1761,Motor,Glass Damage,12/30/2025,61232,61232,53,Approved,Y,N,Contents,,,,,2095.41,65,56,11,Y,Y,N,0,Driver meets policy requirements,1
1572,1287,Building,Flood,11/28/2023,72223,28455,85,Repudiated,N,Y,Motor,Open Driver,47,N,Business,1056.66,95,,,,,,,,0.394
1573,1707,Building,Malicious Damage,10/10/2025,68160,68160,33,Approved,Y,Y,All Risk,,,,,1720.93,74,,,,,,,,1
1574,1417,Building,Flood,12/8/2025,108444,108444,24,Approved,N,Y,Contents,,,,,1567.48,38,,,,,,,,1
1575,537,Contents,Fire,6/18/2023,47265,1896,71,Repudiated,Y,N,All Risk,,,,,977.28,16,,,,,,,,0.0401
1576,751,Building,Fire,5/29/2025,65513,61505,65,Repudiated,Y,N,Contents,,,,,1507.11,34,,,,,,,,0.9388
1577,171,Contents,Malicious Damage,12/29/2025,69310,69310,16,Approved,Y,Y,All Risk,,,,,2191.73,48,,,,,,,,1
1578,1844,Contents,Burglary,2/29/2024,22458,19419,69,Pending,Y,N,Building,,,,,1097.95,37,,,,,,,,0.8647
1579,254,All Risk,Accidental Loss,11/4/2023,145830,145830,23,Approved,Y,Y,All Risk,,,,,1379.4,40,,,,,,,,1
1580,370,All Risk,Travel Risk,10/26/2023,50903,50903,44,Approved,N,N,Contents,,,,,2179.2,68,,,,,,,,1
1581,657,All Risk,Fire,1/15/2023,100697,100697,50,Approved,Y,N,All Risk,,,,,1653.3,27,,,,,,,,1
1582,938,Building,Storm,12/9/2023,103364,103364,20,Approved,N,N,Motor,Open Driver,26,N,Private,553.65,72,,,,,,,,1
1583,1825,Motor,Theft & Hijacking,4/16/2025,2385,2385,43,Approved,N,Y,Contents,,,,,1421.03,95,41,6,Y,Y,N,0,Driver meets policy requirements,1
1584,952,All Risk,Accidental Loss,7/26/2024,146337,146337,44,Approved,Y,N,Building,,,,,1490.03,88,,,,,,,,1
1585,133,Motor,Theft & Hijacking,5/12/2024,52414,52414,47,Approved,N,Y,All Risk,,,,,756.89,11,25,3,Y,Y,N,0,Driver meets policy requirements,1
1586,1670,Motor,Accidental Damage,10/18/2023,9528,9528,12,Approved,N,N,All Risk,,,,,1054.6,85,70,16,Y,Y,N,0,Driver meets policy requirements,1
1587,1212,All Risk,Travel Risk,5/15/2023,144923,85202,85,Repudiated,Y,N,Motor,Open Driver,70,Y,Private,727.19,63,,,,,,,,0.5879
1588,752,All Risk,Accidental Loss,4/22/2025,126608,126608,41,Approved,Y,N,All Risk,,,,,403.43,15,,,,,,,,1
1589,437,Building,Flood,2/22/2024,61988,61988,10,Approved,N,N,All Risk,,,,,725.43,69,,,,,,,,1
1590,169,All Risk,Theft,5/16/2023,30715,1994,71,Repudiated,Y,Y,All Risk,,,,,365.5,94,,,,,,,,0.0649
1591,627,Motor,Accidental Damage,1/27/2024,131787,131787,17,Approved,Y,N,All Risk,,,,,1789.42,15,46,3,Y,Y,N,0,Driver meets policy requirements,1
1592,1162,Motor,Theft & Hijacking,4/28/2025,136864,55359,67,Repudiated,Y,Y,Contents,,,,,2312.85,91,25,0,Y,Y,N,0,Driver meets policy requirements,0.4045
1593,1197,Contents,Malicious Damage,9/15/2023,28385,28385,33,Approved,Y,N,Contents,,,,,1219.25,49,,,,,,,,1
1594,663,All Risk,Accidental Loss,3/1/2024,97474,97474,15,Approved,N,Y,Building,,,,,1204.03,69,,,,,,,,1
1595,51,Motor,Glass Damage,10/4/2025,54476,54476,18,Approved,Y,N,Building,,,,,723.87,84,31,0,Y,Y,N,0,Driver meets policy requirements,1
1596,1983,All Risk,Fire,9/30/2023,28907,24673,66,Pending,Y,N,All Risk,,,,,1248,64,,,,,,,,0.8535
1597,389,Motor,Weather,1/8/2023,3900,3900,23,Approved,N,Y,Motor,Named Driver,56,Y,Private,2023.47,44,53,32,Y,Y,N,0,Driver meets policy requirements,1
1598,784,Building,Storm,3/22/2023,88757,88757,35,Approved,N,N,Building,,,,,2057.95,71,,,,,,,,1
1599,2,Building,Water Damage,7/13/2025,124762,124762,59,Approved,N,Y,Contents,,,,,1872.93,79,,,,,,,,1
1600,617,Building,Malicious Damage,2/10/2023,56517,47104,79,Pending,Y,Y,All Risk,,,,,2118.14,69,,,,,,,,0.8334
1601,190,Motor,Accidental Damage,8/18/2023,127743,0,15,Repudiated,N,Y,Motor,Named Driver,18,N,Business,845.98,90,23,4,Y,N,N,0,Invalid driver licence,0
1602,1487,Building,Malicious Damage,10/12/2023,40979,40979,39,Approved,Y,N,Building,,,,,2167.95,45,,,,,,,,1
1603,1797,All Risk,Fire,8/25/2023,91054,12609,87,Repudiated,Y,N,Motor,Open Driver,65,N,Private,375.72,58,,,,,,,,0.1385
1604,1135,Contents,Accidental Damage,1/22/2024,75065,74842,65,Repudiated,N,N,Building,,,,,1663.52,5,,,,,,,,0.997
1605,851,Building,Storm,5/26/2023,3456,1083,63,Pending,Y,N,All Risk,,,,,429.38,70,,,,,,,,0.3134
1606,1491,Motor,Glass Damage,1/16/2025,25665,25472,89,Repudiated,N,N,Motor,Open Driver,24,Y,Business,1334.6,47,27,4,Y,Y,N,0,Driver meets policy requirements,0.9925
1607,1889,Contents,Fire,3/24/2023,62653,62653,12,Approved,Y,Y,All Risk,,,,,563.94,60,,,,,,,,1
1608,1088,Motor,Glass Damage,10/31/2025,70954,70954,21,Approved,N,N,All Risk,,,,,874.69,37,67,45,Y,Y,N,0,Driver meets policy requirements,1
1609,1577,Motor,Accidental Damage,7/2/2023,60593,2751,65,Pending,N,Y,All Risk,,,,,515.55,89,26,8,Y,Y,N,0,Driver meets policy requirements,0.0454
1610,1498,Building,Malicious Damage,9/16/2023,105461,105461,13,Approved,N,N,Contents,,,,,518.39,89,,,,,,,,1
1611,1913,Motor,Accidental Damage,4/29/2024,36008,36008,44,Approved,Y,Y,Contents,,,,,480.23,28,72,0,Y,Y,N,0,Driver meets policy requirements,1
1612,50,Motor,Fire & Explosion,12/15/2024,136940,136940,56,Approved,Y,N,Building,,,,,1425.16,70,27,3,Y,Y,N,0,Driver meets policy requirements,1
1613,912,Motor,Weather,12/16/2023,91213,22796,64,Repudiated,Y,Y,Building,,,,,1866.43,27,55,3,Y,Y,N,0,Driver meets policy requirements,0.2499
1614,1568,Building,Storm,1/13/2024,31054,31054,42,Approved,N,Y,All Risk,,,,,1643,10,,,,,,,,1
1615,1381,Building,Water Damage,1/3/2024,28486,22036,81,Repudiated,Y,N,Contents,,,,,1411.4,29,,,,,,,,0.7736
1616,1477,Contents,Water Damage,7/20/2024,77609,20232,82,Repudiated,Y,N,Contents,,,,,499.29,81,,,,,,,,0.2607
1617,193,Contents,Malicious Damage,8/9/2023,140137,140137,12,Approved,N,N,Motor,Open Driver,59,Y,Private,473.4,40,,,,,,,,1
1618,1334,Motor,Theft & Hijacking,5/27/2025,21696,4617,80,Repudiated,Y,Y,Motor,Named Driver,33,Y,Business,1924.98,45,31,3,Y,Y,N,0,Driver meets policy requirements,0.2128
1619,1402,Contents,Burglary,10/25/2023,118330,35610,90,Repudiated,Y,Y,Building,,,,,461.15,38,,,,,,,,0.3009
1620,1505,All Risk,Accidental Loss,12/16/2025,16588,16588,38,Approved,N,N,Contents,,,,,2281.83,32,,,,,,,,1
1621,1515,Building,Storm,7/3/2023,114773,114773,23,Approved,Y,N,Building,,,,,1857.87,40,,,,,,,,1
1622,461,All Risk,Accidental Loss,12/10/2023,82050,56051,68,Pending,Y,N,All Risk,,,,,662.65,68,,,,,,,,0.6831
1623,1705,All Risk,Accidental Loss,2/27/2024,41221,41221,49,Approved,Y,N,All Risk,,,,,674.4,56,,,,,,,,1
1624,1029,Contents,Malicious Damage,6/18/2024,62824,20716,71,Repudiated,N,N,Motor,Named Driver,24,N,Private,415.92,89,,,,,,,,0.3297
1625,1697,Motor,Theft & Hijacking,1/17/2023,94988,14832,92,Repudiated,N,N,All Risk,,,,,1947.72,53,25,2,Y,Y,N,0,Driver meets policy requirements,0.1561
1626,533,Motor,Fire & Explosion,5/21/2025,128690,0,47,Repudiated,Y,N,Motor,Open Driver,59,N,Private,2027.89,79,53,5,Y,N,N,0,Invalid driver licence,0
1627,731,Motor,Fire & Explosion,4/15/2024,49065,8815,71,Pending,N,N,Building,,,,,1760.64,21,35,17,Y,Y,N,0,Driver meets policy requirements,0.1797
1628,291,Motor,Weather,7/21/2023,92669,90169,32,Approved with Additional Excess,N,N,Contents,,,,,650.65,52,20,1,Y,Y,Y,2500,Eligible claim with additional excess: driver under 25 and licence held less than 2 years,0.973
1629,441,Motor,Glass Damage,7/14/2024,88908,88908,25,Approved,Y,N,Building,,,,,1669.63,84,60,17,Y,Y,N,0,Driver meets policy requirements,1
1630,1501,Motor,Weather,1/22/2025,112054,112054,32,Approved,N,Y,All Risk,,,,,1037.36,34,67,22,Y,Y,N,0,Driver meets policy requirements,1
1631,139,Building,Fire,1/28/2023,85653,85653,41,Approved,N,Y,Motor,Named Driver,39,N,Private,2101.28,32,,,,,,,,1
1632,546,Building,Flood,1/5/2024,26624,9934,82,Repudiated,Y,Y,Building,,,,,1358.61,86,,,,,,,,0.3731
1633,242,Motor,Glass Damage,12/28/2024,4217,4217,60,Approved,Y,Y,Motor,Named Driver,61,Y,Business,1158.46,91,59,0,Y,Y,N,0,Driver meets policy requirements,1
1634,670,Contents,Burglary,11/16/2024,86861,82531,80,Repudiated,Y,Y,Motor,Named Driver,32,Y,Private,2472.16,47,,,,,,,,0.9502
1635,985,Contents,Water Damage,5/5/2023,81840,16037,94,Repudiated,Y,N,Contents,,,,,2275.83,61,,,,,,,,0.196
1636,633,Building,Water Damage,12/4/2025,116171,116171,50,Approved,N,N,Building,,,,,765.38,52,,,,,,,,1
1637,729,Contents,Burglary,6/18/2023,20356,2481,91,Repudiated,Y,Y,All Risk,,,,,976.39,69,,,,,,,,0.1219
1638,1209,Contents,Accidental Damage,7/4/2025,8320,8320,39,Approved,N,Y,Contents,,,,,912.04,38,,,,,,,,1
1639,1435,Building,Fire,7/21/2024,89984,83237,95,Repudiated,N,Y,Contents,,,,,2313.56,26,,,,,,,,0.925
1640,204,Motor,Accidental Damage,7/14/2023,146234,33058,71,Pending,Y,Y,Building,,,,,2299.46,50,27,0,Y,Y,N,0,Driver meets policy requirements,0.2261
1641,1795,Contents,Burglary,9/20/2025,72506,42583,72,Repudiated,Y,N,Building,,,,,1495.02,80,,,,,,,,0.5873
1642,1577,All Risk,Fire,4/13/2025,124874,124874,58,Approved,Y,Y,All Risk,,,,,515.55,89,,,,,,,,1
1643,510,Building,Fire,10/22/2023,138438,138438,48,Approved,N,Y,Building,,,,,1964.32,79,,,,,,,,1
1644,514,Building,Storm,7/8/2024,3903,3438,85,Repudiated,N,N,All Risk,,,,,263.03,93,,,,,,,,0.8809
1645,547,Motor,Glass Damage,1/25/2024,25609,25609,43,Approved,Y,Y,All Risk,,,,,616.5,88,32,6,Y,Y,N,0,Driver meets policy requirements,1
1646,1603,Building,Malicious Damage,9/23/2025,79555,79555,44,Approved,Y,N,Motor,Open Driver,40,N,Business,255.14,94,,,,,,,,1
1647,645,All Risk,Travel Risk,5/13/2023,109641,72373,68,Pending,N,N,All Risk,,,,,1847.56,63,,,,,,,,0.6601
1648,968,Contents,Burglary,12/4/2024,87350,87350,45,Approved,Y,Y,Contents,,,,,462.84,86,,,,,,,,1
1649,1189,Building,Fire,8/13/2023,15592,15592,28,Approved,Y,Y,Contents,,,,,993.69,42,,,,,,,,1
1650,152,Building,Malicious Damage,9/1/2024,110638,74751,69,Repudiated,Y,Y,All Risk,,,,,601.48,5,,,,,,,,0.6756
1651,1714,Contents,Burglary,11/8/2024,132869,132869,55,Approved,Y,Y,Building,,,,,281.13,57,,,,,,,,1
1652,1088,All Risk,Travel Risk,4/7/2023,128492,128492,28,Approved,N,Y,All Risk,,,,,874.69,37,,,,,,,,1
1653,1089,Building,Malicious Damage,7/2/2024,89718,89718,15,Approved,Y,Y,Motor,Open Driver,37,Y,Business,390.67,31,,,,,,,,1
1654,1059,Motor,Glass Damage,2/27/2024,63520,63520,27,Approved,Y,Y,Contents,,,,,2178.13,60,71,17,Y,Y,N,0,Driver meets policy requirements,1
1655,1120,Motor,Weather,10/8/2025,55168,32048,66,Pending,N,Y,Contents,,,,,1132.53,18,61,0,Y,Y,N,0,Driver meets policy requirements,0.5809
1656,165,All Risk,Travel Risk,8/31/2025,114243,92135,85,Repudiated,Y,N,Motor,Named Driver,71,N,Business,776.55,89,,,,,,,,0.8065
1657,1902,All Risk,Theft,1/24/2025,125120,32678,65,Repudiated,N,Y,Building,,,,,826.3,5,,,,,,,,0.2612
1658,993,Motor,Theft & Hijacking,9/18/2024,76268,0,83,Repudiated,N,Y,Motor,Open Driver,26,N,Business,857.23,41,26,0,Y,N,N,0,Invalid driver licence,0
1659,960,Motor,Weather,7/28/2023,76084,45890,77,Repudiated,Y,Y,All Risk,,,,,1939.74,9,75,31,Y,Y,N,0,Driver meets policy requirements,0.6031
1660,1986,Building,Water Damage,3/11/2023,8292,8292,34,Approved,N,Y,All Risk,,,,,354.33,12,,,,,,,,1
1661,329,Motor,Glass Damage,11/30/2025,80410,80410,60,Approved,N,Y,Building,,,,,1354.26,38,57,5,Y,Y,N,0,Driver meets policy requirements,1
1662,171,Contents,Water Damage,3/15/2025,142070,142070,40,Approved,N,N,All Risk,,,,,2191.73,48,,,,,,,,1
1663,842,Motor,Fire & Explosion,10/12/2025,40140,4189,62,Repudiated,Y,Y,Motor,Named Driver,29,Y,Business,1241.8,63,25,2,Y,Y,N,0,Driver meets policy requirements,0.1044
1664,1285,Contents,Water Damage,9/8/2024,44687,44687,55,Approved,N,Y,Building,,,,,572.11,85,,,,,,,,1
1665,357,All Risk,Accidental Loss,1/13/2024,76397,1175,61,Pending,N,Y,All Risk,,,,,2192.11,40,,,,,,,,0.0154
1666,918,Building,Water Damage,9/10/2024,87126,23601,81,Repudiated,Y,Y,Contents,,,,,1540.18,86,,,,,,,,0.2709
1667,324,Motor,Fire & Explosion,7/28/2024,128435,128435,44,Approved,Y,N,All Risk,,,,,1061.91,7,54,33,Y,Y,N,0,Driver meets policy requirements,1
1668,1989,Building,Malicious Damage,1/11/2025,89292,89292,32,Approved,N,Y,Building,,,,,2142.72,12,,,,,,,,1
1669,640,Contents,Malicious Damage,4/30/2024,116418,877,64,Pending,N,Y,Motor,Named Driver,19,Y,Private,2290.57,54,,,,,,,,0.0075
1670,537,All Risk,Theft,11/2/2023,41669,41669,14,Approved,Y,N,All Risk,,,,,977.28,16,,,,,,,,1
1671,1072,All Risk,Fire,1/1/2024,56255,56255,18,Approved,Y,Y,All Risk,,,,,1436.22,59,,,,,,,,1
1672,438,Motor,Theft & Hijacking,11/15/2023,21454,0,63,Repudiated,Y,Y,Motor,Open Driver,62,N,Private,882.64,36,69,6,Y,N,N,0,Invalid driver licence,0
1673,1227,Motor,Glass Damage,11/16/2023,67347,3023,68,Pending,Y,Y,Building,,,,,623.15,6,21,3,Y,Y,N,0,Driver meets policy requirements,0.0449
1674,1422,Building,Water Damage,10/12/2024,88340,88340,22,Approved,Y,Y,All Risk,,,,,1356.23,53,,,,,,,,1
1675,655,Motor,Weather,7/30/2024,40022,9673,91,Repudiated,Y,N,Building,,,,,621.05,25,24,1,Y,Y,Y,2500,Eligible claim with additional excess: driver under 25 and licence held less than 2 years,0.2417
1676,1408,Motor,Glass Damage,8/19/2024,62995,37330,92,Repudiated,Y,Y,Building,,,,,2157.36,27,27,0,Y,Y,N,0,Driver meets policy requirements,0.5926
1677,389,All Risk,Fire,3/10/2025,34995,34995,29,Approved,N,N,Motor,Named Driver,56,Y,Private,2023.47,44,,,,,,,,1
1678,1061,Motor,Fire & Explosion,6/25/2025,18504,0,89,Repudiated,Y,N,Motor,Named Driver,47,N,Private,670.92,85,52,23,Y,N,N,0,Invalid driver licence,0
1679,310,Building,Malicious Damage,7/5/2025,38523,38523,14,Approved,N,Y,All Risk,,,,,736.03,23,,,,,,,,1
1680,838,All Risk,Theft,6/30/2023,19867,19867,50,Approved,N,N,Contents,,,,,2436.42,70,,,,,,,,1
1681,967,Contents,Fire,3/18/2024,72921,72921,13,Approved,Y,N,Contents,,,,,1995.66,76,,,,,,,,1
1682,1235,All Risk,Theft,6/18/2024,16379,16379,43,Approved,Y,N,All Risk,,,,,828.59,76,,,,,,,,1
1683,1450,Building,Fire,9/14/2023,21967,15213,84,Repudiated,Y,Y,Building,,,,,1384.29,9,,,,,,,,0.6925
1684,1201,Building,Storm,11/5/2023,27184,27184,44,Approved,Y,Y,All Risk,,,,,584.76,13,,,,,,,,1
1685,461,Contents,Malicious Damage,1/20/2025,145101,141125,69,Repudiated,N,Y,All Risk,,,,,662.65,68,,,,,,,,0.9726
1686,328,Motor,Theft & Hijacking,7/8/2025,22799,22799,23,Approved,N,Y,Contents,,,,,1568.77,15,67,0,Y,Y,N,0,Driver meets policy requirements,1
1687,292,All Risk,Fire,4/7/2025,129384,129384,10,Approved,Y,N,Building,,,,,1242.02,68,,,,,,,,1
1688,960,Motor,Accidental Damage,8/24/2025,114507,114507,37,Approved,N,Y,All Risk,,,,,1939.74,9,39,13,Y,Y,N,0,Driver meets policy requirements,1
1689,509,All Risk,Accidental Loss,6/8/2025,67891,12227,64,Repudiated,N,N,Building,,,,,1064.57,26,,,,,,,,0.1801
1690,1014,Contents,Water Damage,1/13/2025,33775,33523,84,Repudiated,Y,N,Contents,,,,,602.02,60,,,,,,,,0.9925
1691,574,Motor,Fire & Explosion,1/26/2023,141712,0,72,Repudiated,Y,Y,Motor,Open Driver,22,N,Business,823.42,78,30,1,Y,N,N,0,Invalid driver licence,0
1692,319,All Risk,Fire,4/8/2024,94978,91568,80,Repudiated,Y,Y,Building,,,,,1025.96,49,,,,,,,,0.9641
1693,493,Building,Flood,8/25/2024,26526,20084,95,Repudiated,N,Y,Building,,,,,2205.17,30,,,,,,,,0.7571
1694,1624,Building,Malicious Damage,11/23/2024,138287,138287,53,Approved,N,N,Motor,Named Driver,59,Y,Business,799.29,17,,,,,,,,1
1695,1637,Contents,Malicious Damage,5/11/2025,106328,53182,65,Pending,N,Y,All Risk,,,,,520.76,70,,,,,,,,0.5002
1696,341,Building,Malicious Damage,8/29/2024,143920,143920,37,Approved,N,Y,Motor,Open Driver,64,Y,Private,1545.44,79,,,,,,,,1
1697,364,Motor,Accidental Damage,3/30/2025,116931,116931,39,Approved,N,Y,Building,,,,,2271.09,26,29,10,Y,Y,N,0,Driver meets policy requirements,1
1698,1720,Contents,Water Damage,4/13/2025,71597,26643,79,Repudiated,Y,N,Motor,Named Driver,68,N,Private,2282.53,42,,,,,,,,0.3721
1699,976,Contents,Accidental Damage,7/12/2025,16291,16291,32,Approved,Y,Y,Contents,,,,,1890.61,16,,,,,,,,1
1700,1613,Motor,Weather,5/31/2023,12751,12751,32,Approved,Y,N,Contents,,,,,335.83,93,71,2,Y,Y,N,0,Driver meets policy requirements,1
1701,190,Motor,Weather,9/18/2023,47520,0,63,Repudiated,N,N,Motor,Named Driver,18,N,Business,845.98,90,18,0,N,N,Y,2500,Invalid driver licence,0
1702,1554,Contents,Water Damage,12/20/2023,81576,40889,77,Pending,N,Y,All Risk,,,,,1822.5,35,,,,,,,,0.5012
1703,129,All Risk,Travel Risk,5/17/2025,109712,109712,16,Approved,N,N,All Risk,,,,,1980.14,52,,,,,,,,1
1704,551,All Risk,Fire,2/4/2023,11511,11511,42,Approved,N,Y,Motor,Open Driver,72,N,Private,516.96,93,,,,,,,,1
1705,820,Motor,Weather,6/6/2024,16435,7045,86,Repudiated,Y,N,Motor,Open Driver,71,Y,Private,1082.38,83,79,1,Y,Y,N,0,Driver meets policy requirements,0.4287
1706,175,Contents,Malicious Damage,3/13/2025,31606,31606,41,Approved,N,N,Contents,,,,,1586.21,90,,,,,,,,1
1707,1313,All Risk,Travel Risk,5/24/2024,130273,130273,32,Approved,N,Y,All Risk,,,,,2191.14,81,,,,,,,,1
1708,1407,Contents,Water Damage,2/8/2023,28387,28387,42,Approved,N,N,All Risk,,,,,1167.9,87,,,,,,,,1
1709,725,Motor,Glass Damage,4/1/2025,90765,90765,35,Approved,Y,Y,All Risk,,,,,1966.77,76,61,1,Y,Y,N,0,Driver meets policy requirements,1
1710,1153,Building,Fire,3/19/2024,32055,22268,94,Repudiated,Y,N,Contents,,,,,1444.81,83,,,,,,,,0.6947
1711,474,Building,Storm,3/20/2023,139686,69124,71,Pending,N,N,Motor,Open Driver,65,N,Business,535.77,59,,,,,,,,0.4949
1712,1811,All Risk,Accidental Loss,10/2/2025,17273,17273,12,Approved,N,N,All Risk,,,,,1459.2,17,,,,,,,,1
1713,295,Contents,Fire,8/14/2023,148001,145964,89,Repudiated,Y,N,Building,,,,,2157.37,43,,,,,,,,0.9862
1714,1113,Motor,Glass Damage,5/30/2025,55734,9387,65,Pending,Y,N,All Risk,,,,,1791.17,34,24,4,Y,Y,N,0,Driver meets policy requirements,0.1684
1715,1203,Building,Flood,2/21/2024,138199,94522,74,Pending,N,Y,Motor,Named Driver,39,Y,Business,1092.53,6,,,,,,,,0.684
1716,1026,All Risk,Accidental Loss,3/18/2023,44258,42806,91,Repudiated,Y,N,Motor,Open Driver,45,N,Business,1230.21,63,,,,,,,,0.9672
1717,1069,Contents,Water Damage,3/22/2025,137536,137536,16,Approved,N,Y,Building,,,,,1912.62,6,,,,,,,,1
1718,112,Building,Flood,12/21/2024,66180,66180,48,Approved,Y,N,Motor,Open Driver,34,N,Private,2427.77,91,,,,,,,,1
1719,1289,Building,Storm,7/30/2023,32313,32313,23,Approved,Y,N,Building,,,,,1067.19,84,,,,,,,,1
1720,39,Contents,Water Damage,6/30/2025,31234,31234,40,Approved,Y,N,All Risk,,,,,2022.93,45,,,,,,,,1
1721,648,Building,Storm,9/12/2023,64826,64826,39,Approved,Y,Y,Building,,,,,1952.4,66,,,,,,,,1
1722,685,Motor,Theft & Hijacking,1/5/2024,116895,79570,85,Repudiated,N,N,Contents,,,,,2348.01,45,31,0,Y,Y,N,0,Driver meets policy requirements,0.6807
1723,1385,Motor,Fire & Explosion,9/17/2023,27663,11675,62,Pending,Y,Y,Motor,Named Driver,50,Y,Private,745.51,16,51,1,Y,Y,N,0,Driver meets policy requirements,0.422
1724,744,Building,Water Damage,8/18/2023,124151,102441,80,Repudiated,Y,Y,Contents,,,,,519.82,46,,,,,,,,0.8251
1725,820,Building,Flood,9/10/2024,30698,10638,66,Repudiated,Y,N,Motor,Open Driver,71,Y,Private,1082.38,83,,,,,,,,0.3465
1726,966,Building,Malicious Damage,8/17/2025,4187,4187,41,Approved,Y,N,Motor,Open Driver,70,Y,Private,2388.81,84,,,,,,,,1
1727,1845,Contents,Fire,2/1/2025,140229,140229,45,Approved,Y,N,Contents,,,,,2430.08,79,,,,,,,,1
1728,597,Contents,Malicious Damage,4/17/2024,141532,35183,76,Pending,N,Y,Building,,,,,1632.58,10,,,,,,,,0.2486
1729,113,Motor,Glass Damage,11/14/2024,27924,0,58,Repudiated,Y,Y,Motor,Named Driver,41,N,Private,671.08,73,35,11,Y,N,N,0,Invalid driver licence,0
1730,1046,Contents,Fire,1/29/2024,57372,57372,27,Approved,N,Y,Contents,,,,,1131.69,24,,,,,,,,1
1731,1149,Motor,Accidental Damage,6/12/2023,138932,136432,54,Approved with Additional Excess,Y,N,Contents,,,,,1959.64,69,20,1,Y,Y,Y,2500,Eligible claim with additional excess: driver under 25 and licence held less than 2 years,0.982
1732,783,Motor,Theft & Hijacking,10/29/2025,126501,126501,29,Approved,N,Y,All Risk,,,,,1880.86,84,46,1,Y,Y,N,0,Driver meets policy requirements,1
1733,1096,Contents,Burglary,11/23/2025,132755,132755,23,Approved,Y,N,Motor,Named Driver,31,Y,Private,2164.98,40,,,,,,,,1
1734,1161,All Risk,Accidental Loss,7/20/2024,27156,11598,61,Pending,N,N,Motor,Named Driver,26,N,Business,1515.5,53,,,,,,,,0.4271
1735,1001,All Risk,Fire,7/31/2024,95370,95370,45,Approved,Y,N,Motor,Open Driver,71,N,Private,773.15,7,,,,,,,,1
1736,817,Motor,Theft & Hijacking,8/30/2024,45218,35439,78,Repudiated,Y,N,Building,,,,,1062.08,88,43,18,Y,Y,N,0,Driver meets policy requirements,0.7837
1737,1119,Contents,Malicious Damage,1/31/2023,75299,75299,37,Approved,N,N,Motor,Open Driver,21,N,Business,940.39,93,,,,,,,,1
1738,675,Contents,Burglary,2/13/2023,67241,67241,33,Approved,Y,N,All Risk,,,,,2016.42,32,,,,,,,,1
1739,1423,All Risk,Accidental Loss,9/24/2023,141622,89289,61,Repudiated,N,Y,All Risk,,,,,2322.43,42,,,,,,,,0.6305
1740,1936,Building,Water Damage,7/1/2025,121600,121600,55,Approved,N,Y,All Risk,,,,,2347.66,38,,,,,,,,1
1741,1421,Contents,Fire,10/16/2023,118215,118215,25,Approved,Y,N,All Risk,,,,,693.19,67,,,,,,,,1
1742,1206,Motor,Accidental Damage,6/13/2024,14262,14262,43,Approved,Y,Y,All Risk,,,,,1323.7,92,62,10,Y,Y,N,0,Driver meets policy requirements,1
1743,1683,All Risk,Theft,3/25/2023,111631,111156,90,Repudiated,Y,Y,Contents,,,,,2179.41,5,,,,,,,,0.9957
1744,537,Building,Storm,11/18/2025,22726,22726,47,Approved,Y,N,All Risk,,,,,977.28,16,,,,,,,,1
1745,328,Building,Malicious Damage,1/24/2025,128274,73466,75,Pending,Y,N,Contents,,,,,1568.77,15,,,,,,,,0.5727
1746,208,All Risk,Travel Risk,7/12/2025,120250,120250,15,Approved,Y,N,Motor,Named Driver,65,Y,Business,1136.43,11,,,,,,,,1
1747,574,Contents,Burglary,7/16/2025,81185,18518,86,Repudiated,Y,Y,Motor,Open Driver,22,N,Business,823.42,78,,,,,,,,0.2281
1748,1541,Building,Storm,7/7/2025,101614,101614,56,Approved,Y,Y,All Risk,,,,,423.19,10,,,,,,,,1
1749,1416,Building,Water Damage,3/8/2024,90762,90762,13,Approved,Y,N,Building,,,,,2086.12,27,,,,,,,,1
1750,312,Contents,Malicious Damage,8/7/2023,9725,9725,38,Approved,N,Y,Motor,Named Driver,61,Y,Business,1634.48,50,,,,,,,,1
1751,1747,All Risk,Fire,6/5/2023,143669,58925,92,Repudiated,Y,N,Building,,,,,437.66,89,,,,,,,,0.4101
1752,1263,Contents,Fire,6/10/2023,32226,32226,60,Approved,N,Y,All Risk,,,,,1681.98,50,,,,,,,,1
1753,1993,Contents,Water Damage,3/11/2025,27353,1167,71,Pending,N,Y,Motor,Open Driver,71,N,Private,785.16,19,,,,,,,,0.0427
1754,142,Motor,Glass Damage,3/26/2025,133086,0,85,Repudiated,Y,N,Motor,Named Driver,58,Y,Business,589.8,26,56,3,N,N,N,0,Incident driver not listed on named-driver policy,0
1755,346,All Risk,Accidental Loss,11/6/2023,52634,52634,57,Approved,N,N,All Risk,,,,,1355.38,88,,,,,,,,1
1756,1299,Building,Malicious Damage,3/16/2023,79540,79540,45,Approved,N,Y,Contents,,,,,1371,72,,,,,,,,1
1757,144,All Risk,Accidental Loss,2/2/2025,139639,139639,11,Approved,Y,Y,All Risk,,,,,1107.48,84,,,,,,,,1
1758,1751,All Risk,Travel Risk,8/4/2025,129096,129096,59,Approved,Y,Y,Building,,,,,1283.46,9,,,,,,,,1
1759,1623,All Risk,Theft,11/27/2024,84969,79612,76,Pending,Y,Y,Building,,,,,2429.11,30,,,,,,,,0.937
1760,130,Contents,Water Damage,8/20/2025,146206,146206,17,Approved,N,Y,Building,,,,,1747.17,53,,,,,,,,1
1761,1926,Contents,Burglary,12/20/2025,28786,28786,50,Approved,Y,Y,All Risk,,,,,2459.11,42,,,,,,,,1
1762,636,Motor,Weather,2/20/2023,132863,132863,22,Approved,N,N,Contents,,,,,1152.65,30,28,4,Y,Y,N,0,Driver meets policy requirements,1
1763,821,Building,Fire,5/6/2023,8353,8353,39,Approved,Y,N,Contents,,,,,2056.08,76,,,,,,,,1
1764,1513,Motor,Accidental Damage,10/12/2025,138921,107237,75,Repudiated,N,Y,Building,,,,,2308.45,14,38,11,Y,Y,N,0,Driver meets policy requirements,0.7719
1765,1909,Contents,Malicious Damage,10/28/2023,116788,116788,20,Approved,Y,N,Contents,,,,,943.59,5,,,,,,,,1
1766,1232,Motor,Glass Damage,2/8/2023,37289,27226,81,Repudiated,Y,Y,Contents,,,,,2441.23,82,22,0,Y,Y,Y,2500,Eligible claim with additional excess: driver under 25 and licence held less than 2 years,0.7301
1767,401,All Risk,Travel Risk,6/6/2024,52137,23022,93,Repudiated,Y,Y,Building,,,,,254.57,52,,,,,,,,0.4416
1768,260,Motor,Glass Damage,4/26/2024,15150,6083,89,Repudiated,Y,N,Contents,,,,,2311.82,82,72,40,Y,Y,N,0,Driver meets policy requirements,0.4015
1769,1204,Motor,Weather,12/1/2023,76076,76076,22,Approved,Y,Y,Building,,,,,2371.56,77,59,1,Y,Y,N,0,Driver meets policy requirements,1
1770,1055,All Risk,Travel Risk,2/4/2024,58116,28731,69,Repudiated,N,N,Motor,Named Driver,70,N,Private,451.21,53,,,,,,,,0.4944
1771,1510,Motor,Theft & Hijacking,4/24/2025,28696,11683,90,Repudiated,N,Y,All Risk,,,,,657.81,90,41,20,Y,Y,N,0,Driver meets policy requirements,0.4071
1772,1454,Building,Flood,12/16/2025,77981,28862,92,Repudiated,Y,Y,Contents,,,,,691.65,32,,,,,,,,0.3701
1773,601,Contents,Water Damage,1/17/2023,90416,82405,72,Repudiated,Y,N,Contents,,,,,777.21,67,,,,,,,,0.9114
1774,1184,All Risk,Fire,3/25/2023,80079,80079,44,Approved,Y,Y,Contents,,,,,1305.54,81,,,,,,,,1
1775,645,All Risk,Accidental Loss,12/22/2023,51037,51037,52,Approved,Y,Y,All Risk,,,,,1847.56,63,,,,,,,,1
1776,603,All Risk,Travel Risk,11/5/2023,35688,35688,10,Approved,N,N,Contents,,,,,877.54,80,,,,,,,,1
1777,560,All Risk,Fire,12/12/2024,47719,47719,22,Approved,Y,N,All Risk,,,,,1597.61,58,,,,,,,,1
1778,245,Motor,Fire & Explosion,3/28/2024,54780,54780,23,Approved,Y,Y,All Risk,,,,,1886.3,95,48,19,Y,Y,N,0,Driver meets policy requirements,1
1779,17,All Risk,Accidental Loss,3/28/2024,75197,75197,25,Approved,N,N,All Risk,,,,,2309.55,11,,,,,,,,1
1780,590,Contents,Fire,5/14/2024,93024,93024,47,Approved,Y,N,Contents,,,,,1035.24,16,,,,,,,,1
1781,1306,Motor,Theft & Hijacking,4/29/2023,39407,0,75,Repudiated,N,N,Motor,Open Driver,48,N,Business,1963.02,76,41,11,Y,N,N,0,Invalid driver licence,0
1782,475,Building,Flood,10/12/2023,89061,89061,39,Approved,Y,Y,Contents,,,,,1050.19,21,,,,,,,,1
1783,1591,Motor,Weather,12/2/2024,24528,17450,84,Repudiated,N,Y,All Risk,,,,,1931.27,79,47,17,Y,Y,N,0,Driver meets policy requirements,0.7114
1784,445,All Risk,Travel Risk,12/19/2023,120043,29776,64,Repudiated,Y,N,Motor,Named Driver,58,Y,Private,877.68,27,,,,,,,,0.248
1785,1905,Building,Flood,1/26/2023,14037,14037,50,Approved,Y,Y,Motor,Named Driver,74,N,Private,1922.9,74,,,,,,,,1
1786,1237,All Risk,Fire,2/26/2024,33268,32571,89,Repudiated,N,Y,Building,,,,,1671.35,39,,,,,,,,0.979
1787,1075,Building,Storm,4/29/2024,52892,17148,68,Repudiated,N,Y,Building,,,,,2405.59,56,,,,,,,,0.3242
1788,113,Contents,Water Damage,3/27/2025,3540,3540,11,Approved,Y,N,Motor,Named Driver,41,N,Private,671.08,73,,,,,,,,1
1789,1484,All Risk,Fire,8/28/2024,56899,753,71,Pending,N,Y,Contents,,,,,1136.48,94,,,,,,,,0.0132
1790,1222,Contents,Accidental Damage,9/27/2024,12744,12744,12,Approved,Y,Y,Contents,,,,,2010.62,20,,,,,,,,1
1791,943,Building,Malicious Damage,6/7/2024,123489,40667,86,Repudiated,N,Y,All Risk,,,,,2197.11,8,,,,,,,,0.3293
1792,1949,Contents,Burglary,10/23/2024,50672,50672,14,Approved,Y,Y,Motor,Named Driver,37,Y,Business,1770.92,95,,,,,,,,1
1793,1427,Building,Water Damage,4/3/2023,129663,129663,40,Approved,Y,N,Motor,Named Driver,25,Y,Private,2128.22,77,,,,,,,,1
1794,121,Contents,Burglary,4/23/2025,66866,14837,69,Pending,Y,Y,All Risk,,,,,1531.36,17,,,,,,,,0.2219
1795,1353,Motor,Glass Damage,9/15/2024,105850,105850,32,Approved,Y,Y,All Risk,,,,,1229.96,38,49,9,Y,Y,N,0,Driver meets policy requirements,1
1796,1664,Contents,Burglary,3/7/2025,136384,125466,78,Pending,Y,N,Motor,Named Driver,52,Y,Business,2113.72,42,,,,,,,,0.9199
1797,938,Motor,Theft & Hijacking,5/10/2024,60015,0,78,Repudiated,N,Y,Motor,Open Driver,26,N,Private,553.65,72,20,0,Y,N,Y,2500,Invalid driver licence,0
1798,1722,Contents,Water Damage,7/30/2025,78094,78094,50,Approved,N,Y,Building,,,,,1028.86,75,,,,,,,,1
1799,1298,Motor,Weather,10/4/2023,11600,11600,49,Approved,N,N,Building,,,,,2201.1,48,42,0,Y,Y,N,0,Driver meets policy requirements,1
1800,1145,Contents,Fire,5/11/2024,68543,68543,39,Approved,N,N,Contents,,,,,1366.42,61,,,,,,,,1
1801,23,Building,Water Damage,11/5/2025,56957,56957,39,Approved,Y,Y,Contents,,,,,2175.82,49,,,,,,,,1
1802,619,All Risk,Fire,7/2/2025,77873,77873,40,Approved,Y,N,All Risk,,,,,1572.49,8,,,,,,,,1
1803,300,Contents,Fire,4/21/2024,118588,114686,82,Repudiated,N,N,Building,,,,,1605.54,60,,,,,,,,0.9671
1804,878,All Risk,Travel Risk,11/23/2024,38282,11746,63,Repudiated,Y,N,Contents,,,,,2273.03,64,,,,,,,,0.3068
1805,1919,All Risk,Accidental Loss,3/14/2023,132919,132919,36,Approved,N,N,Contents,,,,,2441,70,,,,,,,,1
1806,79,Building,Flood,12/1/2025,131176,131176,12,Approved,Y,N,Building,,,,,725.22,18,,,,,,,,1
1807,1020,Building,Storm,8/4/2023,24261,24261,22,Approved,N,N,Contents,,,,,1509.42,30,,,,,,,,1
1808,651,Motor,Glass Damage,1/1/2023,137368,137368,10,Approved,Y,Y,Contents,,,,,1537.17,53,32,11,Y,Y,N,0,Driver meets policy requirements,1
1809,379,Motor,Fire & Explosion,9/9/2025,129798,129798,24,Approved,Y,N,Building,,,,,1598.16,7,34,1,Y,Y,N,0,Driver meets policy requirements,1
1810,1415,Building,Flood,1/9/2024,13612,11850,63,Pending,N,Y,All Risk,,,,,836.73,80,,,,,,,,0.8706
1811,505,Building,Water Damage,3/19/2024,100683,100683,17,Approved,Y,N,Contents,,,,,496.74,94,,,,,,,,1
1812,723,All Risk,Accidental Loss,2/3/2025,33703,33703,11,Approved,N,Y,Contents,,,,,1363.28,27,,,,,,,,1
1813,288,Contents,Accidental Damage,2/15/2024,92746,84817,73,Pending,N,N,Contents,,,,,1244.68,54,,,,,,,,0.9145
1814,1347,All Risk,Theft,3/14/2025,100504,100504,24,Approved,N,Y,Motor,Open Driver,49,Y,Business,1105.92,89,,,,,,,,1
1815,221,Building,Malicious Damage,3/19/2025,40562,40562,56,Approved,Y,N,All Risk,,,,,507.27,72,,,,,,,,1
1816,869,Building,Malicious Damage,5/25/2023,71446,71446,22,Approved,N,Y,Contents,,,,,1620.42,17,,,,,,,,1
1817,1607,All Risk,Accidental Loss,10/4/2025,51058,1013,84,Repudiated,Y,N,All Risk,,,,,353.04,42,,,,,,,,0.0198
1818,1387,Building,Storm,2/22/2025,27147,27147,38,Approved,Y,N,Building,,,,,726.72,74,,,,,,,,1
1819,1941,Motor,Glass Damage,5/25/2024,4685,4685,11,Approved,Y,Y,Contents,,,,,1547.16,63,73,2,Y,Y,N,0,Driver meets policy requirements,1
1820,1021,All Risk,Theft,9/22/2023,113215,106846,65,Pending,Y,N,Motor,Open Driver,39,Y,Business,1168.11,66,,,,,,,,0.9437
1821,174,Building,Storm,9/27/2025,42583,38365,85,Repudiated,N,Y,Motor,Named Driver,67,N,Private,1469.5,32,,,,,,,,0.9009
1822,136,Contents,Fire,5/22/2025,27793,12122,82,Repudiated,N,N,All Risk,,,,,281.15,12,,,,,,,,0.4362
1823,900,Contents,Water Damage,10/21/2025,36116,29092,93,Repudiated,Y,N,Building,,,,,1305.83,87,,,,,,,,0.8055
1824,582,All Risk,Travel Risk,10/18/2024,3285,1360,94,Repudiated,Y,N,Motor,Named Driver,47,Y,Business,732.6,21,,,,,,,,0.414
1825,1256,All Risk,Fire,9/13/2024,120499,36675,92,Repudiated,N,Y,All Risk,,,,,1109.18,15,,,,,,,,0.3044
1826,116,Motor,Weather,1/4/2024,112111,109611,48,Approved with Additional Excess,Y,N,Contents,,,,,482.66,41,18,0,Y,Y,Y,2500,Eligible claim with additional excess: driver under 25 and licence held less than 2 years,0.9777
1827,1919,Contents,Accidental Damage,9/7/2023,84290,84290,21,Approved,N,N,Contents,,,,,2441,70,,,,,,,,1
1828,1567,All Risk,Theft,5/21/2025,13703,7826,88,Repudiated,Y,N,Contents,,,,,798.59,80,,,,,,,,0.5711
1829,1493,Building,Fire,9/14/2025,75778,75778,18,Approved,N,N,Building,,,,,531.44,31,,,,,,,,1
1830,541,Building,Malicious Damage,6/8/2025,7518,865,95,Repudiated,Y,Y,All Risk,,,,,605.55,91,,,,,,,,0.1151
1831,1188,All Risk,Fire,10/2/2023,124197,95299,90,Repudiated,Y,N,Contents,,,,,1282.9,75,,,,,,,,0.7673
1832,1117,Contents,Fire,1/10/2024,53548,53548,43,Approved,Y,N,Building,,,,,1756.78,58,,,,,,,,1
1833,1835,All Risk,Accidental Loss,11/20/2023,95592,95592,57,Approved,Y,N,Contents,,,,,2246.74,42,,,,,,,,1
1834,576,All Risk,Travel Risk,6/26/2024,45046,45046,12,Approved,Y,N,Building,,,,,2492.08,18,,,,,,,,1
1835,1592,Building,Fire,1/21/2024,115344,115344,54,Approved,Y,Y,Building,,,,,467.6,15,,,,,,,,1
1836,821,Motor,Weather,9/2/2023,73932,21775,64,Repudiated,Y,Y,Contents,,,,,2056.08,76,28,1,Y,Y,N,0,Driver meets policy requirements,0.2945
1837,1863,Contents,Water Damage,9/1/2024,73625,73625,46,Approved,N,Y,Motor,Named Driver,40,N,Private,736.09,22,,,,,,,,1
1838,1264,Contents,Water Damage,9/5/2025,65450,65450,55,Approved,Y,N,Building,,,,,1545.18,66,,,,,,,,1
1839,1356,Building,Storm,9/21/2025,35483,35483,20,Approved,N,Y,All Risk,,,,,285.38,92,,,,,,,,1
1840,119,Contents,Malicious Damage,7/16/2024,84959,84959,52,Approved,N,N,All Risk,,,,,1391.15,74,,,,,,,,1
1841,222,Motor,Weather,4/29/2024,2128,2128,47,Approved,N,Y,All Risk,,,,,803.39,77,41,10,Y,Y,N,0,Driver meets policy requirements,1
1842,1322,All Risk,Fire,2/4/2024,22043,897,93,Repudiated,Y,N,Motor,Open Driver,27,N,Business,442.99,77,,,,,,,,0.0407
1843,1607,Contents,Fire,4/14/2024,134721,81331,86,Repudiated,Y,N,All Risk,,,,,353.04,42,,,,,,,,0.6037
1844,936,All Risk,Fire,7/8/2024,43447,14909,84,Repudiated,Y,Y,All Risk,,,,,1652.56,16,,,,,,,,0.3432
1845,205,All Risk,Fire,5/21/2023,92463,59449,75,Pending,N,N,Contents,,,,,1277.93,51,,,,,,,,0.6429
1846,1800,Contents,Accidental Damage,10/7/2023,30622,18907,93,Repudiated,Y,N,Building,,,,,1927.34,25,,,,,,,,0.6174
1847,360,Motor,Weather,1/1/2023,29614,0,73,Repudiated,Y,N,Motor,Named Driver,31,N,Private,573.92,41,35,1,Y,N,N,0,Invalid driver licence,0
1848,1542,Contents,Water Damage,3/25/2025,49210,49210,13,Approved,N,N,All Risk,,,,,607.98,8,,,,,,,,1
1849,935,All Risk,Fire,12/20/2025,5469,5469,59,Approved,Y,N,Building,,,,,1106.88,64,,,,,,,,1
1850,1600,Contents,Fire,9/5/2023,44118,44118,16,Approved,Y,N,Building,,,,,1795.86,6,,,,,,,,1
1851,620,All Risk,Theft,11/7/2024,139675,139675,31,Approved,N,Y,Building,,,,,1891.88,57,,,,,,,,1
1852,1126,Motor,Theft & Hijacking,6/12/2024,26588,26588,36,Approved,N,Y,Motor,Named Driver,67,Y,Private,400.05,81,72,27,Y,Y,N,0,Driver meets policy requirements,1
1853,679,Contents,Water Damage,9/1/2025,36432,34272,62,Repudiated,N,Y,All Risk,,,,,2243.07,50,,,,,,,,0.9407
1854,1017,Motor,Theft & Hijacking,9/25/2025,48886,48886,35,Approved,N,Y,Contents,,,,,1324.49,26,61,20,Y,Y,N,0,Driver meets policy requirements,1
1855,1713,Motor,Fire & Explosion,4/10/2025,139992,40969,82,Repudiated,Y,Y,Contents,,,,,755.77,63,72,41,Y,Y,N,0,Driver meets policy requirements,0.2927
1856,651,Motor,Weather,6/21/2025,51674,51356,79,Pending,N,N,Contents,,,,,1537.17,53,74,3,Y,Y,N,0,Driver meets policy requirements,0.9938
1857,1853,Contents,Burglary,11/30/2024,16197,16197,14,Approved,Y,Y,Motor,Open Driver,38,N,Business,1737.69,47,,,,,,,,1
1858,1297,Motor,Glass Damage,10/6/2024,70177,20446,82,Repudiated,Y,N,All Risk,,,,,2134.43,6,53,30,Y,Y,N,0,Driver meets policy requirements,0.2913
1859,1659,Contents,Burglary,10/19/2024,24555,14013,90,Repudiated,Y,N,Motor,Open Driver,58,N,Business,2209.72,27,,,,,,,,0.5707
1860,1998,All Risk,Theft,2/18/2024,23141,12651,80,Repudiated,N,N,Building,,,,,1977.9,33,,,,,,,,0.5467
1861,838,All Risk,Accidental Loss,9/18/2025,63724,6957,86,Repudiated,N,Y,Contents,,,,,2436.42,70,,,,,,,,0.1092
1862,28,Building,Storm,7/4/2025,65816,65816,33,Approved,N,N,Motor,Named Driver,53,Y,Private,677.77,38,,,,,,,,1
1863,1073,Contents,Accidental Damage,9/20/2024,126249,126249,47,Approved,Y,N,All Risk,,,,,1302.12,39,,,,,,,,1
1864,1696,Motor,Fire & Explosion,10/9/2025,75537,75537,37,Approved,N,Y,Building,,,,,1260.44,30,29,1,Y,Y,N,0,Driver meets policy requirements,1
1865,1523,All Risk,Travel Risk,10/21/2023,127017,127017,41,Approved,N,Y,Contents,,,,,1655.91,58,,,,,,,,1
1866,69,Building,Water Damage,12/24/2024,9550,226,63,Pending,Y,Y,Contents,,,,,1986.85,85,,,,,,,,0.0237
1867,1460,Motor,Theft & Hijacking,2/15/2025,85164,85164,49,Approved,N,Y,Building,,,,,2252.66,89,48,8,Y,Y,N,0,Driver meets policy requirements,1
1868,1766,Contents,Burglary,9/30/2025,132262,132262,50,Approved,Y,N,Motor,Named Driver,64,N,Private,500.87,56,,,,,,,,1
1869,1519,All Risk,Accidental Loss,2/12/2025,52947,52947,25,Approved,N,N,Motor,Named Driver,64,Y,Private,1608.69,7,,,,,,,,1
1870,613,Contents,Fire,8/13/2024,35187,35187,16,Approved,Y,N,Contents,,,,,1413.98,85,,,,,,,,1
1871,1345,Contents,Water Damage,3/22/2024,10557,10557,20,Approved,N,Y,Contents,,,,,2237.83,48,,,,,,,,1
1872,947,Contents,Burglary,3/20/2024,7109,1649,84,Repudiated,Y,N,All Risk,,,,,656.38,26,,,,,,,,0.232
1873,1583,Motor,Theft & Hijacking,11/22/2023,45731,34486,87,Repudiated,Y,Y,All Risk,,,,,914.53,36,75,53,Y,Y,N,0,Driver meets policy requirements,0.7541
1874,426,All Risk,Travel Risk,11/19/2025,130272,130272,20,Approved,Y,N,Contents,,,,,998.37,53,,,,,,,,1
1875,1280,All Risk,Fire,6/19/2025,60935,60935,21,Approved,N,N,Building,,,,,1634.83,81,,,,,,,,1
1876,713,Motor,Fire & Explosion,8/10/2023,12377,12377,46,Approved,Y,N,All Risk,,,,,992.6,95,47,3,Y,Y,N,0,Driver meets policy requirements,1
1877,1941,Motor,Weather,9/11/2023,50834,50834,34,Approved,Y,Y,Contents,,,,,1547.16,63,54,27,Y,Y,N,0,Driver meets policy requirements,1
1878,1933,Building,Water Damage,6/14/2024,147876,147876,49,Approved,Y,N,All Risk,,,,,1487.02,93,,,,,,,,1
1879,106,All Risk,Theft,2/18/2024,85818,85818,51,Approved,N,Y,All Risk,,,,,2317.96,62,,,,,,,,1
1880,538,Building,Water Damage,4/20/2024,85228,24816,62,Pending,Y,Y,Building,,,,,1773.69,76,,,,,,,,0.2912
1881,767,Contents,Burglary,4/18/2023,41195,41195,41,Approved,Y,N,All Risk,,,,,857.5,81,,,,,,,,1
1882,776,Motor,Theft & Hijacking,4/1/2025,74626,74626,30,Approved,Y,N,All Risk,,,,,609.36,91,26,2,Y,Y,N,0,Driver meets policy requirements,1
1883,463,Motor,Accidental Damage,10/25/2024,142354,60583,85,Repudiated,Y,Y,All Risk,,,,,2266.33,33,62,37,Y,Y,N,0,Driver meets policy requirements,0.4256
1884,766,All Risk,Fire,9/17/2023,41019,39774,62,Repudiated,N,Y,All Risk,,,,,910.8,92,,,,,,,,0.9696
1885,248,Contents,Burglary,7/26/2023,125755,7147,63,Repudiated,Y,Y,Motor,Open Driver,37,Y,Private,2305.58,60,,,,,,,,0.0568
1886,381,Motor,Theft & Hijacking,1/26/2024,147226,0,58,Repudiated,N,N,Motor,Open Driver,26,N,Private,900.44,48,23,4,Y,N,N,0,Invalid driver licence,0
1887,1412,Motor,Accidental Damage,12/29/2023,147319,0,22,Repudiated,N,N,Motor,Open Driver,24,N,Private,621.59,71,20,0,Y,N,Y,2500,Invalid driver licence,0
1888,1809,Building,Fire,8/9/2023,149479,149479,15,Approved,Y,Y,Building,,,,,2235.76,87,,,,,,,,1
1889,558,Motor,Theft & Hijacking,12/25/2024,123078,120578,59,Approved with Additional Excess,Y,Y,Contents,,,,,1757.06,40,18,0,Y,Y,Y,2500,Eligible claim with additional excess: driver under 25 and licence held less than 2 years,0.9797
1890,273,Contents,Burglary,1/30/2025,39917,39917,46,Approved,Y,Y,Motor,Named Driver,53,N,Business,1758.36,78,,,,,,,,1
1891,204,Building,Fire,12/3/2023,110874,22011,65,Pending,N,Y,Building,,,,,2299.46,50,,,,,,,,0.1985
1892,397,All Risk,Theft,6/26/2024,78795,78795,29,Approved,N,N,Contents,,,,,395.5,73,,,,,,,,1
1893,1934,All Risk,Accidental Loss,9/17/2024,133473,116130,64,Pending,Y,Y,Building,,,,,1296.02,18,,,,,,,,0.8701
1894,293,Contents,Fire,11/1/2025,39441,39441,10,Approved,N,Y,Motor,Open Driver,34,N,Business,2353.31,27,,,,,,,,1
1895,1217,Contents,Accidental Damage,5/5/2023,135337,135337,53,Approved,N,N,All Risk,,,,,1415.11,16,,,,,,,,1
1896,131,All Risk,Accidental Loss,7/1/2025,71558,25808,62,Repudiated,N,Y,Contents,,,,,2079.22,85,,,,,,,,0.3607
1897,961,Building,Water Damage,3/19/2023,7286,3686,69,Repudiated,N,N,Building,,,,,376.07,10,,,,,,,,0.5059
1898,20,Building,Flood,4/28/2025,113002,113002,58,Approved,Y,N,Contents,,,,,518.3,9,,,,,,,,1
1899,383,All Risk,Travel Risk,6/10/2024,22697,22697,34,Approved,Y,N,Building,,,,,404.25,36,,,,,,,,1
1900,1753,All Risk,Fire,1/22/2025,8550,5045,62,Pending,N,N,Contents,,,,,896.21,45,,,,,,,,0.5901
1901,986,Contents,Malicious Damage,2/7/2023,138028,47466,75,Pending,N,Y,Building,,,,,2256.75,38,,,,,,,,0.3439
1902,1918,Building,Malicious Damage,9/18/2025,97975,76295,81,Repudiated,N,N,Contents,,,,,1629.65,87,,,,,,,,0.7787
1903,659,Building,Water Damage,10/13/2024,51709,51709,18,Approved,N,N,Motor,Open Driver,57,Y,Business,339.56,42,,,,,,,,1
1904,592,Building,Fire,8/16/2024,113894,113894,26,Approved,N,Y,Building,,,,,1551.64,17,,,,,,,,1
1905,87,Contents,Malicious Damage,2/5/2025,124197,18663,83,Repudiated,Y,Y,Building,,,,,1622.5,83,,,,,,,,0.1503
1906,1536,All Risk,Fire,3/27/2024,149647,149647,43,Approved,Y,Y,Motor,Open Driver,53,Y,Business,628.43,28,,,,,,,,1
1907,804,Motor,Glass Damage,2/4/2024,21149,21149,59,Approved,N,N,Contents,,,,,2380.08,47,55,2,Y,Y,N,0,Driver meets policy requirements,1
1908,751,All Risk,Accidental Loss,4/10/2023,17006,17006,26,Approved,Y,N,Contents,,,,,1507.11,34,,,,,,,,1
1909,993,Building,Malicious Damage,1/1/2025,116581,100511,64,Pending,Y,Y,Motor,Open Driver,26,N,Business,857.23,41,,,,,,,,0.8622
1910,1720,Motor,Accidental Damage,7/2/2024,27275,0,46,Repudiated,Y,Y,Motor,Named Driver,68,N,Private,2282.53,42,61,3,Y,N,N,0,Invalid driver licence,0
1911,1850,Motor,Glass Damage,2/7/2025,14538,14538,50,Approved,N,N,Building,,,,,1141.6,12,49,0,Y,Y,N,0,Driver meets policy requirements,1
1912,1862,All Risk,Accidental Loss,10/13/2025,36566,36566,37,Approved,N,N,Motor,Named Driver,51,N,Business,1580.8,34,,,,,,,,1
1913,1887,Motor,Fire & Explosion,9/28/2025,110617,110617,44,Approved,Y,N,All Risk,,,,,667.83,67,53,1,Y,Y,N,0,Driver meets policy requirements,1
1914,114,Building,Storm,1/19/2023,13704,2477,66,Pending,Y,Y,Building,,,,,1602.16,5,,,,,,,,0.1808
1915,620,Contents,Accidental Damage,9/15/2023,10148,10148,18,Approved,Y,Y,Building,,,,,1891.88,57,,,,,,,,1
1916,1801,Contents,Accidental Damage,1/8/2023,102483,102483,54,Approved,Y,Y,Motor,Open Driver,66,Y,Private,1533.17,50,,,,,,,,1
1917,1892,All Risk,Travel Risk,11/7/2024,79743,79743,26,Approved,N,Y,Building,,,,,2159.47,32,,,,,,,,1
1918,647,Contents,Malicious Damage,6/8/2024,39626,39626,50,Approved,Y,Y,All Risk,,,,,2169.03,79,,,,,,,,1
1919,317,Building,Water Damage,3/19/2025,5403,5403,25,Approved,Y,Y,All Risk,,,,,1644.17,11,,,,,,,,1
1920,1485,Contents,Malicious Damage,6/20/2023,55244,53560,80,Pending,N,Y,Contents,,,,,1024.65,7,,,,,,,,0.9695
1921,408,All Risk,Travel Risk,3/18/2023,119177,111125,74,Pending,N,Y,All Risk,,,,,1195.17,83,,,,,,,,0.9324
1922,1844,Contents,Burglary,9/22/2025,70943,70943,41,Approved,Y,N,Building,,,,,1097.95,37,,,,,,,,1
1923,1588,Contents,Accidental Damage,12/5/2023,47425,19103,95,Repudiated,N,N,All Risk,,,,,1138.79,87,,,,,,,,0.4028
1924,1174,Building,Malicious Damage,5/29/2024,129587,129587,53,Approved,Y,Y,All Risk,,,,,1879.89,55,,,,,,,,1
1925,1042,Contents,Malicious Damage,11/16/2025,7608,7608,52,Approved,Y,N,Building,,,,,733.85,83,,,,,,,,1
1926,12,Contents,Accidental Damage,10/15/2025,17149,17149,16,Approved,Y,N,Motor,Named Driver,23,Y,Private,2354.42,69,,,,,,,,1
1927,1306,Contents,Water Damage,11/16/2024,47997,5474,65,Repudiated,N,Y,Motor,Open Driver,48,N,Business,1963.02,76,,,,,,,,0.114
1928,1032,Building,Storm,10/13/2023,135127,44974,83,Repudiated,N,Y,Motor,Open Driver,50,N,Private,885.71,6,,,,,,,,0.3328
1929,962,Motor,Glass Damage,1/6/2024,21081,21081,48,Approved,N,N,All Risk,,,,,1080.34,69,65,11,Y,Y,N,0,Driver meets policy requirements,1
1930,1370,Building,Water Damage,11/19/2025,17280,7149,64,Repudiated,Y,Y,Motor,Open Driver,60,N,Private,1035.55,6,,,,,,,,0.4137
1931,1784,Building,Fire,5/30/2023,46349,46349,39,Approved,Y,Y,Building,,,,,641.9,61,,,,,,,,1
1932,99,All Risk,Theft,12/7/2023,129356,19893,92,Repudiated,N,Y,Building,,,,,2475.48,27,,,,,,,,0.1538
1933,1434,Motor,Theft & Hijacking,9/27/2025,98795,98795,32,Approved,Y,N,Building,,,,,2451.87,58,45,15,Y,Y,N,0,Driver meets policy requirements,1
1934,1742,Contents,Burglary,5/19/2023,38489,38489,40,Approved,Y,N,Motor,Named Driver,24,N,Business,2174.32,22,,,,,,,,1
1935,1558,Building,Water Damage,8/29/2025,37151,37151,42,Approved,Y,N,Motor,Named Driver,51,Y,Business,2085.65,87,,,,,,,,1
1936,458,Contents,Fire,6/21/2025,39929,6055,94,Repudiated,Y,Y,Motor,Open Driver,74,N,Private,347.7,12,,,,,,,,0.1516
1937,1395,All Risk,Travel Risk,11/20/2023,140895,139616,63,Pending,Y,N,All Risk,,,,,758.05,87,,,,,,,,0.9909
1938,1710,Motor,Accidental Damage,5/1/2025,116999,0,15,Repudiated,N,N,Motor,Open Driver,56,N,Business,2266.8,22,58,1,Y,N,N,0,Invalid driver licence,0
1939,1342,Contents,Burglary,11/30/2025,77428,22134,67,Repudiated,Y,Y,Contents,,,,,1407.49,86,,,,,,,,0.2859
1940,292,All Risk,Accidental Loss,9/2/2023,126925,29854,67,Pending,Y,Y,Building,,,,,1242.02,68,,,,,,,,0.2352
1941,1242,Building,Malicious Damage,3/31/2025,107673,107673,12,Approved,N,Y,All Risk,,,,,1170.07,75,,,,,,,,1
1942,54,Motor,Theft & Hijacking,1/2/2025,40747,0,91,Repudiated,Y,N,Motor,Open Driver,28,N,Private,1015.09,58,23,5,Y,N,N,0,Invalid driver licence,0
1943,62,All Risk,Fire,10/10/2025,135356,135356,28,Approved,Y,N,Contents,,,,,2187.42,64,,,,,,,,1
1944,241,Building,Storm,1/22/2025,117781,117781,33,Approved,N,N,Contents,,,,,2108.43,60,,,,,,,,1
1945,1348,Building,Storm,3/27/2024,31585,31585,11,Approved,N,N,Contents,,,,,507.95,87,,,,,,,,1
1946,1069,Motor,Theft & Hijacking,3/1/2025,116243,113743,35,Approved with Additional Excess,Y,N,Building,,,,,1912.62,6,22,0,Y,Y,Y,2500,Eligible claim with additional excess: driver under 25 and licence held less than 2 years,0.9785
1947,640,Motor,Fire & Explosion,8/31/2023,93114,90614,43,Approved with Additional Excess,Y,N,Motor,Named Driver,19,Y,Private,2290.57,54,21,0,Y,Y,Y,2500,Eligible claim with additional excess: driver under 25 and licence held less than 2 years,0.9732
1948,1501,Contents,Accidental Damage,12/26/2023,83636,83636,48,Approved,Y,Y,All Risk,,,,,1037.36,34,,,,,,,,1
1949,396,Building,Flood,12/19/2023,54324,54324,60,Approved,Y,N,Motor,Named Driver,40,N,Business,2206.21,36,,,,,,,,1
1950,658,All Risk,Fire,12/13/2023,65663,65663,60,Approved,Y,Y,All Risk,,,,,1968.09,86,,,,,,,,1
1951,1077,Contents,Malicious Damage,1/31/2024,37490,37490,60,Approved,N,Y,Building,,,,,1916.55,85,,,,,,,,1
1952,1645,All Risk,Fire,4/28/2025,140958,115388,72,Repudiated,Y,Y,All Risk,,,,,1152.48,35,,,,,,,,0.8186
1953,1841,Contents,Fire,7/5/2025,32473,32473,34,Approved,N,Y,Contents,,,,,503.6,69,,,,,,,,1
1954,465,All Risk,Theft,11/21/2025,102969,102969,58,Approved,N,Y,Building,,,,,1170.7,75,,,,,,,,1
1955,720,Building,Malicious Damage,7/31/2025,113448,36584,92,Repudiated,Y,N,Motor,Named Driver,52,Y,Private,786.75,37,,,,,,,,0.3225
1956,687,Contents,Burglary,6/20/2023,90634,90634,14,Approved,Y,N,Contents,,,,,503.75,52,,,,,,,,1
1957,1198,Building,Malicious Damage,5/28/2025,62596,62596,59,Approved,N,Y,Contents,,,,,1515.67,27,,,,,,,,1
1958,1289,Motor,Accidental Damage,1/30/2024,21386,21386,31,Approved,Y,N,Building,,,,,1067.19,84,30,1,Y,Y,N,0,Driver meets policy requirements,1
1959,442,Contents,Burglary,3/30/2025,141888,27329,79,Repudiated,Y,Y,Building,,,,,1268.8,91,,,,,,,,0.1926
1960,994,Contents,Fire,7/15/2023,28676,24001,71,Pending,Y,Y,Contents,,,,,1626.38,94,,,,,,,,0.837
1961,1146,All Risk,Travel Risk,7/19/2023,146498,146498,27,Approved,Y,N,Contents,,,,,2372.41,48,,,,,,,,1
1962,1256,All Risk,Travel Risk,3/4/2023,90974,90974,59,Approved,N,N,All Risk,,,,,1109.18,15,,,,,,,,1
1963,1880,Building,Flood,12/15/2025,70943,70943,14,Approved,Y,N,Motor,Named Driver,32,N,Business,2417.76,42,,,,,,,,1
1964,496,Contents,Water Damage,10/6/2023,127670,127670,54,Approved,Y,N,All Risk,,,,,393.22,84,,,,,,,,1
1965,1451,Contents,Fire,12/4/2023,30609,27880,92,Repudiated,Y,N,All Risk,,,,,524.98,42,,,,,,,,0.9108
1966,1037,Contents,Burglary,10/28/2025,29899,29899,25,Approved,Y,Y,Motor,Open Driver,20,Y,Business,985.33,34,,,,,,,,1
1967,83,Building,Malicious Damage,6/26/2023,137478,86807,75,Repudiated,N,Y,Contents,,,,,759.74,80,,,,,,,,0.6314
1968,1727,All Risk,Fire,4/30/2023,137173,137173,19,Approved,Y,N,Contents,,,,,1576.73,14,,,,,,,,1
1969,589,All Risk,Accidental Loss,9/19/2025,81847,81847,12,Approved,N,N,Motor,Named Driver,51,Y,Private,1311.1,26,,,,,,,,1
1970,690,Contents,Water Damage,11/6/2024,125790,125790,31,Approved,N,N,All Risk,,,,,1570.81,92,,,,,,,,1
1971,1646,All Risk,Travel Risk,10/12/2025,106034,81587,81,Repudiated,Y,N,Building,,,,,1981.17,18,,,,,,,,0.7694
1972,1539,Motor,Weather,7/15/2024,124724,124724,13,Approved,Y,N,All Risk,,,,,831.72,30,66,20,Y,Y,N,0,Driver meets policy requirements,1
1973,632,Building,Water Damage,1/6/2023,19503,19503,59,Approved,N,Y,Motor,Named Driver,68,N,Business,1977.77,20,,,,,,,,1
1974,1383,Building,Fire,2/9/2023,33574,33574,32,Approved,N,N,Motor,Named Driver,73,N,Business,1224.3,74,,,,,,,,1
1975,1839,Motor,Glass Damage,9/17/2025,7005,5857,74,Pending,N,Y,Contents,,,,,479.72,68,32,1,Y,Y,N,0,Driver meets policy requirements,0.8361
1976,743,All Risk,Travel Risk,3/1/2025,11971,11971,16,Approved,N,N,Contents,,,,,916.14,90,,,,,,,,1
1977,856,Building,Water Damage,2/4/2025,104738,104738,40,Approved,N,N,Contents,,,,,911.54,9,,,,,,,,1
1978,1077,All Risk,Theft,12/24/2023,20789,6485,84,Repudiated,Y,N,Building,,,,,1916.55,85,,,,,,,,0.3119
1979,1083,Building,Water Damage,8/14/2023,65380,7953,82,Repudiated,Y,Y,All Risk,,,,,980.19,43,,,,,,,,0.1216
1980,1721,Building,Storm,2/9/2025,108986,108986,16,Approved,N,Y,Contents,,,,,2495.61,85,,,,,,,,1
1981,358,All Risk,Theft,5/26/2025,57759,57759,32,Approved,Y,Y,Motor,Open Driver,19,Y,Business,1861.46,24,,,,,,,,1
1982,1915,Motor,Glass Damage,10/1/2023,43229,1929,93,Repudiated,N,N,Building,,,,,791.77,81,73,2,Y,Y,N,0,Driver meets policy requirements,0.0446
1983,81,All Risk,Accidental Loss,6/27/2024,105570,45102,75,Pending,N,Y,Motor,Named Driver,25,N,Business,1953.14,45,,,,,,,,0.4272
1984,1593,Building,Flood,1/16/2024,129377,22107,81,Repudiated,N,N,Contents,,,,,366.09,8,,,,,,,,0.1709
1985,1685,Building,Water Damage,4/18/2025,138962,110522,85,Repudiated,Y,Y,Contents,,,,,1029.3,9,,,,,,,,0.7953
1986,202,All Risk,Theft,7/2/2023,67055,67055,17,Approved,N,N,Contents,,,,,2127.49,92,,,,,,,,1
1987,1295,Contents,Malicious Damage,6/28/2023,52892,52892,41,Approved,Y,N,Contents,,,,,1525.01,26,,,,,,,,1
1988,680,Contents,Malicious Damage,6/7/2025,133227,133227,11,Approved,Y,N,All Risk,,,,,528.09,35,,,,,,,,1
1989,1427,Contents,Malicious Damage,1/31/2024,139207,139207,45,Approved,Y,Y,Motor,Named Driver,25,Y,Private,2128.22,77,,,,,,,,1
1990,1853,Motor,Accidental Damage,4/6/2025,47619,0,18,Repudiated,N,Y,Motor,Open Driver,38,N,Business,1737.69,47,46,12,Y,N,N,0,Invalid driver licence,0
1991,85,Building,Malicious Damage,3/22/2025,126802,66390,77,Repudiated,Y,Y,All Risk,,,,,673.58,52,,,,,,,,0.5236
1992,1790,Contents,Water Damage,10/1/2023,33757,29227,86,Repudiated,N,N,Contents,,,,,2033.01,85,,,,,,,,0.8658
1993,1201,Building,Water Damage,2/4/2025,81521,81521,45,Approved,Y,Y,All Risk,,,,,584.76,13,,,,,,,,1
1994,1442,Building,Fire,12/28/2023,16221,10902,61,Repudiated,N,N,Building,,,,,2171.95,68,,,,,,,,0.6721
1995,568,All Risk,Travel Risk,12/4/2023,109400,43796,67,Pending,Y,Y,All Risk,,,,,707.75,39,,,,,,,,0.4003
1996,1827,Building,Water Damage,9/10/2024,118119,118119,31,Approved,Y,N,Contents,,,,,2091.91,74,,,,,,,,1
1997,1992,Motor,Accidental Damage,1/4/2024,123179,118514,95,Repudiated,N,N,Building,,,,,1736.31,45,48,19,Y,Y,N,0,Driver meets policy requirements,0.9621
1998,295,Building,Fire,7/11/2023,39896,39896,36,Approved,Y,Y,Building,,,,,2157.37,43,,,,,,,,1
1999,830,Motor,Accidental Damage,7/16/2025,44373,24658,63,Pending,N,N,All Risk,,,,,1353.39,21,41,13,Y,Y,N,0,Driver meets policy requirements,0.5557
2000,1886,Motor,Theft & Hijacking,1/23/2024,97500,0,72,Repudiated,Y,Y,Motor,Open Driver,59,N,Private,1797.64,90,59,13,Y,N,N,0,Invalid driver licence,0
